id,HD_0,HD_1,HD_2,HD_3,HD_4,HD_5,HD_6,HD_7,HD_8,HD_9,HD_10,HD_11,HD_12,HD_13,HD_14,HD_15,HD_16,HD_17,HD_18,HD_19
0,https://m.media-amazon.com/images/M/MV5BOWQwOTA1ZDQtNzk3Yi00ZmVmLWFiZGYtNjdjNThiYjJhNzRjXkEyXkFqcGdeQXVyODE5NzE3OTE@._V1_FMjpg_UX1000_.jpg,http://www.screenmachine.co.uk/wp-content/uploads/2022/05/top-gun-maverick-ver5-xlg-2-1.jpg,https://resizing.flixster.com/TIM4kfHTVZrfpF0tYt9LIU69A5s=/ems.cHJkLWVtcy1hc3NldHMvbW92aWVzLzU1OWIwMWQwLWYyZDItNDk4Yi04MDIxLWI3OTJlNDI1NjA3NS5qcGc=,https://i.ytimg.com/vi/giXco2jaZ_4/maxresdefault.jpg,https://i.guim.co.uk/img/media/19ddd8e0bafede6b9217bf9dcd634e25b3b91cb3/326_0_2448_1469/master/2448.jpg?width=1200&quality=85&auto=format&fit=max&s=eb539d125aba01b1a45b24105b1375ef,https://deadline.com/wp-content/uploads/2022/05/top-gun-2-1-e1653660481403.jpg,https://media.gq-magazine.co.uk/photos/629dfbfd92c7b9abbbe74042/16:9/w_2560%2Cc_limit/topgun.jpg,https://m.media-amazon.com/images/M/MV5BMzNkODU5M2EtZGE2Zi00ZTg0LWI1NDEtYjYwNjk4Zjc5MDJmXkEyXkFqcGdeQXVyMTEyMjM2NDc2._V1_.jpg,https://www.cnet.com/a/img/resize/87e48c27a9a7054972581485dab8a2005e15cb1e/2022/05/13/aec60e17-34bd-4692-bd66-2b5ee0e0eb7b/top-gun-maverick-crop.jpg?auto=webp&fit=crop&height=675&width=1200,https://static01.nyt.com/images/2022/05/29/business/29box-4/merlin_207080559_d302b636-070e-4293-8150-3426e34db3fa-articleLarge.jpg?quality=75&auto=webp&disable=upscale,https://static.wikia.nocookie.net/topgun/images/6/66/Top_Gun_Maverick_Poster_2.jpg/revision/latest?cb=20191215142513,"https://media.vanityfair.com/photos/62d95f6aebd6d18d36654631/2:3/w_887,h_1331,c_limit/top-gun-maverick-2022-tom-cruise.jpg",https://i.ytimg.com/vi/7LRqxnxaq1o/maxresdefault.jpg,https://assets-prd.ignimgs.com/2022/06/18/topgunmaverick-blogroll-1652308685606-1655555439086.jpg,https://deadline.com/wp-content/uploads/2022/07/Screenshot-2022-07-10-at-10.52.35.png?w=681&h=383&crop=1,https://cdn.cinemacloud.co.uk/imageFilm/437_1_2.jpg,https://resizing.flixster.com/3ADPpZEz7hJfUWgz35wgHe7iCJY=/740x380/v2/https://statcdn.fandango.com/MPX/image/NBCU_Fandango/44/731/thumb_10CE28E9-8E26-4FEB-88EC-2C53D4B6F1F5.jpg,https://dx35vtwkllhj9.cloudfront.net/paramountpictures/top-gun/images/regions/us/header.jpg,https://www.ft.com/__origami/service/image/v2/images/raw/https%3A%2F%2Fd1e00ek4ebabms.cloudfront.net%2Fproduction%2F04b5f704-35c7-4095-8987-4964347d839e.jpg?fit=scale-down&source=next&width=700,"https://imageio.forbes.com/specials-images/imageserve/62a0d15ac18cd06ee739aea1/tgm-ff-013r/0x0.jpg?format=jpg&crop=2854,1605,x626,y0,safe&width=960"
1,https://m.media-amazon.com/images/M/MV5BZjM0MDFmZDctNmFjMi00MzM2LWJlYmItMzk2MTJlZDI1ZGRkXkEyXkFqcGdeQXZ3ZXNsZXk@._V1_.jpg,https://upload.wikimedia.org/wikipedia/en/thumb/1/1e/Everything_Everywhere_All_at_Once.jpg/220px-Everything_Everywhere_All_at_Once.jpg,https://d135u4jtzauizi.cloudfront.net/_normal/EEAAO-Share.jpg,https://m.media-amazon.com/images/M/MV5BYTdiOTIyZTQtNmQ1OS00NjZlLWIyMTgtYzk5Y2M3ZDVmMDk1XkEyXkFqcGdeQXVyMTAzMDg4NzU0._V1_FMjpg_UX1000_.jpg,https://d135u4jtzauizi.cloudfront.net/_still/EEAAO_Thumbnail_BIG-1_916-mobile.jpg,https://static01.nyt.com/images/2022/04/07/arts/everything-anatomy1/everything-anatomy1-videoSixteenByNine1050.jpg,"https://media.newyorker.com/photos/623cdcc972641d9b0ebe4ef6/16:9/w_1280,c_limit/richard-everything-everywhere.jpg",https://m.media-amazon.com/images/M/MV5BOTdlMjI3N2MtZjAxOS00ZmYwLWJiYjYtODUxYzY2MzhmMWYzXkEyXkFqcGdeQXRyYW5zY29kZS13b3JrZmxvdw@@._V1_.jpg,https://variety.com/wp-content/uploads/2022/04/Everything.jpg?w=1000,https://media.vanityfair.com/photos/6250bda278c6f07fd9a2e7f6/master/w_2560%2Cc_limit/EEAAO_04975_R%2520(1).jpg,https://i.guim.co.uk/img/media/29256cc55863bf8c4eafc421cf03f392fa6b0fea/0_14_3669_2202/master/3669.jpg?width=1200&height=900&quality=85&auto=format&fit=crop&s=0e026c98d09633fcc7d6639bf55b20e1,https://snworksceo.imgix.net/bdh/784032f1-4e6e-4572-9746-4705f02ae4e7.sized-1000x1000.jpg?w=1000,https://images.seattletimes.com/wp-content/uploads/2022/07/07052022_Everything-Everywhere_173727.jpg?d=780x439,https://www.thewrap.com/wp-content/uploads/2021/12/everything-everywhere-all-at-once-michelle-yeoh-620x400.jpg,https://dehayf5mhw1h7.cloudfront.net/wp-content/uploads/sites/1491/2022/07/17004218/maxresdefault.jpg,"https://media.wired.com/photos/623ba9ac9e1e950f0a569284/125:94/w_2125,h_1598,c_limit/Everything-Everywhere-All-At-Once-Review-Culture-EEAAO_02491_R.jpg",https://m.media-amazon.com/images/M/MV5BOGYxYTRmNDgtNmZmOC00MTMyLWFmMTgtMjJmMmZmZjM0N2NhXkEyXkFqcGdeQWplZmZscA@@._V1_.jpg,https://i.guim.co.uk/img/media/153d94f8afe195de7a5c1370ef875f7e0b33f6f8/0_0_3504_2336/master/3504.jpg?width=1020&quality=85&fit=max&s=0f5594a0dbc9c6099c98265da724a697,https://static01.nyt.com/images/2022/04/20/arts/everything-mom1/merlin_204246447_9fad14ba-177e-4205-8e0f-4d1008592bc7-articleLarge.jpg?quality=75&auto=webp&disable=upscale,https://s3.amazonaws.com/thumbnails.thecrimson.com/photos/2022/04/11/203544_1355731.jpg.2000x1333_q95_crop-smart_upscale.jpg
2,https://m.media-amazon.com/images/M/MV5BMDdmMTBiNTYtMDIzNi00NGVlLWIzMDYtZTk3MTQ3NGQxZGEwXkEyXkFqcGdeQXVyMzMwOTU5MDk@._V1_.jpg,https://upload.wikimedia.org/wikipedia/en/f/ff/The_Batman_%28film%29_poster.jpg,https://m.media-amazon.com/images/M/MV5BYTQ5MmY3OWUtMGRmYy00MTZiLWE3YjQtNmJjOTdlZjg1N2E2XkEyXkFqcGdeQXVyMTEyMjM2NDc2._V1_.jpg,https://m.media-amazon.com/images/M/MV5BNTk0NDgxZTItOWU2NS00NzY1LWFjZjctOWU0ZmQ5ZWYyYzJkXkEyXkFqcGdeQXVyMTEyMjM2NDc2._V1_.jpg,https://static.wikia.nocookie.net/batman/images/d/d3/The_Batman_-_Batman.jpg/revision/latest?cb=20220201202711,https://www.indiewire.com/wp-content/uploads/2021/08/Robert-Pattinson-Batman.jpeg?w=780,https://m.media-amazon.com/images/M/MV5BM2I1Y2Y1Y2UtYzRmZC00N2E1LWI1YjItNGIyMDAwYjU3YjJjXkEyXkFqcGdeQXVyMTEyMjM2NDc2._V1_.jpg,https://cdn.europosters.eu/image/1300/posters/the-batman-2022-i122127.jpg,https://cdn.mos.cms.futurecdn.net/5vPndSdDicde7EwTyAtqjk.jpg,https://imageio.forbes.com/specials-images/imageserve/6227a977191c2f2e257a7528/0x0.jpg?format=jpg&width=1200,https://www.denofgeek.com/wp-content/uploads/2022/04/the-batman-joker.jpg?fit=1980%2C1114,https://assets-prd.ignimgs.com/2022/01/26/thebatman-newbutton-1643232430643.jpg,https://i.guim.co.uk/img/media/006e580ef0ee8c46c17b265f2bf66e7f0c61b746/3436_0_8487_5097/master/8487.jpg?width=1020&quality=85&fit=max&s=bf33ef28bbdfee282e21cb753068d4a1,https://media.vanityfair.com/photos/6219098629394601328e9a19/master/pass/the-batman-review.jpg,https://resizing.flixster.com/wCeMkwGtJnDI_3idIpt_bP9E6Ng=/740x380/v2/https://statcdn.fandango.com/MPX/image/NBCU_Fandango/119/558/thumb_E73CC7F6-2A6D-4091-8B93-920C6DE6D730.jpg,https://images.mymovies.net/images/film/vue_player_imgs/fid20479_trid20032.jpg?sc=.99,https://m.media-amazon.com/images/M/MV5BOTMyMGE0ZmUtNTMzMi00MGQxLTgxMmMtZDQ0MmU4OWEyNDY1XkEyXkFqcGdeQWpnYW1i._V1_.jpg,"https://media.wired.co.uk/photos/622139f91950a37bd0bdd8ce/3:2/w_2025,h_1350,c_limit/Culture_The%20Batman_WB.jpg",https://wme-gep-drupal-hbo-prod.s3.amazonaws.com/2022-03/the-batman-ka-1920_8.jpg,https://i.guim.co.uk/img/media/006e580ef0ee8c46c17b265f2bf66e7f0c61b746/3436_0_8487_5097/master/8487.jpg?width=1200&height=1200&quality=85&auto=format&fit=crop&s=026c476ed70a62c743f984ff821be985
3,https://m.media-amazon.com/images/M/MV5BYjdhYTE3NjMtZjI3OC00NzVlLWFiNTUtNzQ3NDNiNTI3NDg4XkEyXkFqcGdeQXVyMTEyMjM2NDc2._V1_FMjpg_UX1000_.jpg,https://m.media-amazon.com/images/M/MV5BYzYyMmY3ODEtMjk4NS00YjY5LWIwMmQtNjFlOTRlMTA2Y2UzXkEyXkFqcGdeQXVyMDc0MzMwNA@@._V1_FMjpg_UX1000_.jpg,https://m.media-amazon.com/images/M/MV5BMTc3MDcyNzE5N15BMl5BanBnXkFtZTgwNzE2MDE0NzM@._V1_.jpg,https://m.media-amazon.com/images/M/MV5BNDg1ZTRjZmItNmEzZS00NDdmLWIzYWUtNmIwNTQ4MjIzMDQyXkEyXkFqcGdeQXVyMTkxNjUyNQ@@._V1_.jpg,https://www.hollywoodreporter.com/wp-content/uploads/2022/06/GettyImages-1400550556-H-2022.jpg,https://i.guim.co.uk/img/media/792babb637d74dea87045c7852a750ab0640700d/0_240_7200_4320/master/7200.jpg?width=1200&height=900&quality=85&auto=format&fit=crop&s=bd56244e4622ce43c265d1879f8c8ee6,https://occ.a.nflxso.net/dnm/api/v6/X194eJsgWBDE2aQbaNdmCXGUP-Y/AAAABYzbMfJAxXAv_X_znhgRyWSMn0nE6rqlqFo_ewl0uncAiqyU0flpsBYoHQsL0Y8o7N9L45yNowV_iMrSTTRIrMswGq-z4025saX06R5ABJzKqKYUdiByrlM1_9uhA0Gvip_BUA.jpg?r=a60,https://m.media-amazon.com/images/I/81VAkTv3bDL._AC_SL1500_.jpg,https://i.ytimg.com/vi/_j5hwooOHVE/maxresdefault.jpg,https://m.media-amazon.com/images/M/MV5BNDE2ZjJhM2ItNjgwOS00NzllLWExYWItNmNmMmU5M2ZhNGNhXkEyXkFqcGdeQWRvb2xpbmhk._V1_.jpg,https://m.media-amazon.com/images/I/81WZK5+RVZL._AC_SL1500_.jpg,https://deadline.com/wp-content/uploads/2022/06/Hustle-Film-review-thumbnail.jpg?w=1024,https://media.npr.org/assets/img/2022/06/12/gettyimages-1401659373_wide-480d23ce7f63637f3d557d488b61ad468e50e36f.jpg?s=1400,"https://media.vanityfair.com/photos/62a2373685e5658b05ff859d/3:4/w_1998,h_2664,c_limit/hustle-adam-sandler.JPG",https://i.ytimg.com/vi/_3FU9ropyPY/maxresdefault.jpg,https://ichef.bbci.co.uk/images/ic/1200x675/p01h8lb6.jpg,https://resizing.flixster.com/gsvr3rWYDgOljb_o-GOs11aZy-M=/206x305/v2/https://flxt.tmsimg.com/assets/p15207863_p_v12_ar.jpg,https://variety.com/wp-content/uploads/2022/06/Adam-Sandler.jpg?w=681&h=383&crop=1,https://is4-ssl.mzstatic.com/image/thumb/Video116/v4/61/07/7f/61077fa7-3041-aefc-68a4-cffc9436753e/pr_source.lsr/1200x630wf.png,https://dnm.nflximg.net/api/v6/2DuQlx0fM4wd1nzqm5BFBi6ILa8/AAAAQW24_gnJCl8-UMxQuGtI5WLoqONoXHScxMY4ThytwnXjT7L68ivWZ1FAfV0vdjL9BD910QBJzum2C7Q_yONAosTxKAd_EZQIY3b8zsDhjP9SAXWmFGL-LQ4JeZRxv9F-R9kJVXOy7FIpAxn1PYP7hZ49.jpg?r=58d
4,https://m.media-amazon.com/images/M/MV5BMzVlMmY2NTctODgwOC00NDMzLWEzMWYtM2RiYmIyNTNhMTI0XkEyXkFqcGdeQXVyNTAzNzgwNTg@._V1_.jpg,https://images.thebrag.com/var/uploads/2022/04/The-Northman.jpg,https://m.media-amazon.com/images/M/MV5BNDRjNDBkZmMtMGM4Ny00NWE5LWExYmYtZmJkNDc2NzBlNDNiXkEyXkFqcGdeQXZ3ZXNsZXk@._V1_.jpg,https://dx35vtwkllhj9.cloudfront.net/focusfeatures/the-northman/images/regions/us/share.png,https://d2s94cyhu2tzlj.cloudfront.net/assets/photos/2022/the-northman-the-definitive-viking-epic/_articlePhotoFull/the-northman-movie-alexander-skarsgard-2.jpg?mtime=20220421131728,http://dailytrojan.com/wp-content/uploads/2022/04/1648495611_focus-features_the-northman_robert-eggers_alexander-skarsgard_anya-taylor-joy_nicole-kidman_ethan-hawke_willem-dafoe_bjork_sjon_unit-13.jpg,https://i2.wp.com/readysteadycut.com/wp-content/uploads/2022/04/thenorthmanblogroll-1649646999948.jpg?fit=1280%2C720&ssl=1,https://ca-times.brightspotcdn.com/dims4/default/5689159/2147483647/strip/true/crop/4500x3000+0+0/resize/1486x991!/quality/90/?url=https%3A%2F%2Fcalifornia-times-brightspot.s3.amazonaws.com%2Fcb%2F8a%2F0e529b8d4b4a97ef4fd174c2353b%2F4179-d028-00177-rc.jpg,https://www.universalpictures.co.uk/tl_files/content/movies/northman/posters/01.jpg,https://media.gq-magazine.co.uk/photos/6258205ec337973f81dcffce/master/pass/1404_Fitnessdiary_04.jpg,https://www.indiewire.com/wp-content/uploads/2022/04/northman-viewing-guide-min-2-e1650662793191.png,https://variety.com/wp-content/uploads/2022/04/Screen-Shot-2022-04-20-at-12.25.30-PM.png,https://roost.nbcuni.com/bin/viewasset.html/content/dam/Peacock/Landing-Pages/campaign/p1/northman/northman-social.jpg/_jcr_content/renditions/original.JPEG,https://d28hgpri8am2if.cloudfront.net/book_images/onix/cvr9781647227777/the-northman-9781647227777_hr.jpg,https://m.media-amazon.com/images/M/MV5BZWY3OTdkZDQtYjdjMy00NDRmLThiZjItYjUzZGNkZDYyYzc0XkEyXkFqcGdeQXVyMTA3MDk2NDg2._V1_.jpg,https://pyxis.nymag.com/v1/imgs/257/117/11c93713f4d8c8e857f41a551e39562df8-the-northman-hardest-day-on-set-lede.rhorizontal.w1100.jpg,https://images.ctfassets.net/tyagww523muq/2wiJVJH57300QUJPYDj0T5/134bb7773e6b2862e7266e672d99a6a1/the-northman-trailer-eggers-1024x538.jpg?w=1045&h=588&q=50&fit=fill&f=faces,https://resizing.flixster.com/i19zl-Te71W51FehPWgbv18BybM=/740x380/v2/https://statcdn.fandango.com/MPX/image/NBCU_Fandango/313/319/thumb_14A7BEC5-D2FD-4519-B399-C566E5683D9E.jpg,https://dailydead.com/wp-content/uploads/2022/04/Northman-1000-03.jpg,https://phantom-marca.unidadeditorial.es/e4dad0f3d509e8f9b083169de5c54d26/resize/1320/f/jpg/assets/multimedia/imagenes/2022/04/22/16506505932810.jpg
5,https://m.media-amazon.com/images/M/MV5BNWM0ZGJlMzMtZmYwMi00NzI3LTgzMzMtNjMzNjliNDRmZmFlXkEyXkFqcGdeQXVyMTM1MTE1NDMx._V1_.jpg,https://terrigen-cdn-dev.marvel.com/content/prod/1x/doctorstrangeinthemultiverseofmadness_lob_crd_02_3.jpg,https://lumiere-a.akamaihd.net/v1/images/p_drstrangeinthemultiverseofmadness_245_476cabb1.jpeg,https://m.media-amazon.com/images/I/81iew7GtO9L._SL1372_.jpg,https://cdn.mos.cms.futurecdn.net/NJXQ8h3mUd9mhsh2m8xpba.jpg,https://d.newsweek.com/en/full/1985434/doctor-strange-multiverse-madness.jpg,https://images.thedirect.com/media/article_full/doctor-strange-2-characters_VCFX7A7.jpg,https://terrigen-cdn-dev.marvel.com/content/prod/1x/stellarvortex_genavailposter_v1_june22_lg.jpg,https://pbs.twimg.com/media/FPqeT1KUYAIEh6i.jpg:large,https://images.indianexpress.com/2022/05/doctor-strange-madness-multiverse-review-.jpg,https://i0.wp.com/bloody-disgusting.com/wp-content/uploads/2022/04/final-1.png?ssl=1,https://m.media-amazon.com/images/I/81KrRPo5JPL._SL1340_.jpg,https://www.dolby.com/siteassets/xf-site/content-detail-pages/dr_strange_3_poster.jpg,https://prod-ripcut-delivery.disney-plus.net/v1/variant/disney/0F0BF7366B84F6E768E478A59E59E124E38B658C32E3CCF8BCA5B1950CA216D5/scale?width=1200&aspectRatio=1.78&format=jpeg,https://filmschoolrejects.com/wp-content/uploads/2022/05/Doctor-Strange-In-The-Multiverse-of-Madness-Ending-Explained.jpg,https://cdn.flickeringmyth.com/wp-content/uploads/2022/04/marvel-doctor-strange-in-the-multiverse-of-madness-posters-header.jpg,https://cdn.mos.cms.futurecdn.net/ipBHDYLVrAC7X4viETrJTD-480-80.jpg,https://www.denofgeek.com/wp-content/uploads/2022/04/doctor-strange-2.jpg?resize=768%2C432,https://m.media-amazon.com/images/M/MV5BZGJiZmY0M2UtZWJkZS00YzJkLTliNTgtZjA0NWNjNWM4MDk5XkEyXkFqcGdeQXVyMTkxNjUyNQ@@._V1_.jpg,https://cdn.vox-cdn.com/thumbor/7FOEJ7HQk4dB9RI7-Jp5jFb0b-Y=/0x0:1542x640/1200x800/filters:focal(655x67:901x313)/cdn.vox-cdn.com/uploads/chorus_image/image/70801210/drstrange.6.jpg
6,https://m.media-amazon.com/images/M/MV5BMGZiYjgxNzMtMWJhNS00NGE4LTk4MDAtM2MwNzA3MTc5YTU2XkEyXkFqcGdeQXVyMTEzMTI1Mjk3._V1_FMjpg_UX1000_.jpg,https://m.media-amazon.com/images/M/MV5BMmI4ZGI5ZjUtZmM4Mi00NWNiLTllY2YtNzM0MDk5ODMwYTExXkEyXkFqcGdeQXVyMTA2ODkwNzM5._V1_.jpg,https://occ.a.nflxso.net/dnm/api/v6/6AYY37jfdO6hpXcMjf9Yu5cnmO0/AAAABXTylLiFUgt2zjI2RMd10HZUY3cXNUWEB-yX8WC9lpwJpgTAYHiI2TEiKEOwyAA89JiXfIBSat3t-WFcBgNS2dYho0B3ozIeytEH.jpg?r=9cc,https://i.ytimg.com/vi/Dzuz5s_Qk-A/maxresdefault.jpg,https://m.media-amazon.com/images/M/MV5BMDAwODQ1Y2QtMDUxZS00OWVjLThlMDgtN2MyNTBlM2IwNzJkXkEyXkFqcGdeQWxiaWFtb250._V1_.jpg,https://occ-0-3647-1217.1.nflxso.net/dnm/api/v6/E8vDc_W8CLv7-yMQu8KMEC7Rrr8/AAAABcl1zvJHriA9X34y3zj83kgOGn3QOp7tpClAzUaK6oGQhS9TYsBza69qSOQ6muyuZAI90Aw4172UHJgD6oe2TH5fbX8AyKfa4ZV9.jpg?r=824,https://dnm.nflximg.net/api/v6/BvVbc2Wxr2w6QuoANoSpJKEIWjQ/AAAAQTzNFfVZRtdrkUtKohEL2IUy_Mzk4RL5eEUY_jOwEipmXjbAeupQD9eOa2MTeeaNSYA3rs9rITiXs_eLx2SLFmibKhKJfXe4zDXvIwJj7oPEHZ-RAkI2Lh7nOJMU_mnRwIp_DhCVsBzPMLMcQnep9rRA.jpg?r=ca8,https://s3.amazonaws.com/static.rogerebert.com/uploads/review/primary_image/reviews/apollo-10-a-space-age-childhood-2022/apollo-10-12-a-space-age-childhood-movie-review-2022.jpeg,https://resizing.flixster.com/N1MK-7CdUBeO20YCxoEBXlpU0ZM=/740x380/v2/https://statcdn.fandango.com/MPX/image/NBCU_Fandango/199/543/thumb_2B95732D-C659-43D0-8B76-96CB3983CABF.jpg,https://news.newonnetflix.info/wp-content/uploads/2022/03/apollo-10-half-title.jpeg,https://www.belloflostsouls.net/wp-content/uploads/2022/03/Apollo_10_1_2_A_Space_Age_Childhood_netflix_feat.jpg,https://www.awn.com/sites/default/files/styles/original/public/image/featured/mat_1633_r-2-1280.jpg?itok=AyeANeJG,https://filmmakermagazine.com/wp-content/uploads/2022/04/90-e1648826945392.jpeg,https://mytvonline.io/wp-content/uploads/2022/04/Apollo10.jpg,https://www.indiewire.com/wp-content/uploads/2020/07/BombayRose_Kamla_120200711-6779-1yo55rb.jpg,https://bestmoviecast.com/wp-content/uploads/2022/03/appolo.jpg,https://assets-prd.ignimgs.com/2022/03/13/apollo-hero-1647200088852.jpg,https://dnm.nflximg.net/api/v6/BvVbc2Wxr2w6QuoANoSpJKEIWjQ/AAAAQWywuuYpl1X_vatnx6InKb8sWSzP6qCM7GUIEvvK39uocLu4h9xWk5EahhBOtXJmRLVTZOAGvqjpxWf4Khrx6qPUbLt14vWwwCnekYQcDJGepn8gg-m_LcI9jGM6FpwhssIrcwqJP7GccYRKBF3hdi7G.jpg?r=afe,https://www.covercity.net/displaycover/medium/2471110bd9aab1ba365a7fd7477d4449,https://i.ytimg.com/vi/oIp_jmgrhJc/maxresdefault.jpg
7,https://m.media-amazon.com/images/M/MV5BNDM2ODNiMWItOWRkNS00ODE3LWE2OGYtNTZkMDJkOWI1ODMxXkEyXkFqcGdeQXVyMjMxOTE0ODA@._V1_.jpg,https://m.media-amazon.com/images/I/91bDCiN+VNL._SL1500_.jpg,https://dx35vtwkllhj9.cloudfront.net/lionsgateus/unbearable-weight-of-massive-talent/images/regions/us/share.png,https://i.guim.co.uk/img/media/d735ac46abc91e36debddae842f564f853b0145d/0_240_3600_2160/master/3600.jpg?width=1200&height=900&quality=85&auto=format&fit=crop&s=f0a1fe9e760ddd692998ed94b78eb7f3,https://heightslibrary.org/wp-content/uploads/2022/07/Talent.jpg,https://m.media-amazon.com/images/M/MV5BNTlhZDdlZWMtNGM1Ni00NDBkLWE3YTItOTgxNjg4NWU1ZWQyXkEyXkFqcGdeQXZ3ZXNsZXk@._V1_.jpg,https://i.ytimg.com/vi/x2YHPZMj8r4/maxresdefault.jpg,https://resizing.flixster.com/fAysxiGmT86bPwNSpC2kEh8kD9c=/740x380/v2/https://statcdn.fandango.com/MPX/image/NBCU_Fandango/789/883/thumb_3C4028B8-960D-487E-A898-7C44E6A829A3.jpg,https://www.slashfilm.com/img/gallery/the-unbearable-weight-of-massive-talent-review-nicolas-cage-is-nicolas-cage-sxsw/l-intro-1647219901.jpg,https://i0.wp.com/newspack-washingtoncitypaper.s3.amazonaws.com/uploads/2022/04/tuwomt-apple-poster-2764x4096-3r1r.jpeg?fit=1024%2C1468&ssl=1,https://cdn.vox-cdn.com/thumbor/JRQq9pN2c84hvDG9TyrYrhfzKzw=/1400x0/filters:no_upscale()/cdn.vox-cdn.com/uploads/chorus_asset/file/23324534/the_unbearable_weight_of_massive_talent_UWMT_D05_03079R_rgb.jpg,https://imagesvc.meredithcorp.io/v3/mm/image?url=https%3A%2F%2Fstatic.onecms.io%2Fwp-content%2Fuploads%2Fsites%2F6%2F2022%2F04%2F15%2FUnbearable-Weight-of-Massive-Talent_2.jpg,"https://kubrick.htvapps.com/htv-prod-media.s3.amazonaws.com/images/the-unbearable-weight-of-massive-talent-pic-1650642046.jpg?crop=1.00xw:1.00xh;0,0&resize=1200:*",https://ca-times.brightspotcdn.com/dims4/default/c0d140a/2147483647/strip/true/crop/6000x4002+0+0/resize/1486x991!/quality/90/?url=https%3A%2F%2Fcalifornia-times-brightspot.s3.amazonaws.com%2F75%2F3f%2F6de130844404a1147b232f947663%2F929164-et-ca-0312-sxsw-photo-studio-jlc-16446.jpg,"https://media.wired.com/photos/6260960c536da34b19a67a7b/1:1/w_3946,h_3946,c_limit/The-Unbearable-Weight-of-Massive-Talent-Culture.jpg",https://m.media-amazon.com/images/M/MV5BZDRiMGE2OWEtYjBmZC00YjQ3LWE1OWQtNDJiMTI4NTkyMzY0XkEyXkFqcGdeQWFsZWxvZw@@._V1_.jpg,https://pisces.bbystatic.com/image2/BestBuy_US/images/products/6506/6506889_sd.jpg,https://fullcirclecinema.com/wp-content/uploads/2022/03/l-intro-1639500080.jpeg,https://discussingfilm.net/wp-content/uploads/2022/04/the-unbearable-weight-of-massive-talent-UWMT_D31_14686_R_rgb-scaled-e1650653676389.jpg,https://upload.wikimedia.org/wikipedia/en/8/87/The_Unbearable_Weight_of_Massive_Talent.jpg
8,https://m.media-amazon.com/images/M/MV5BZjBlMjIxN2ItNTMyNi00NDk5LWFhMzEtNzdiODE0Y2M4MWI2XkEyXkFqcGdeQXVyMTM1MTE1NDMx._V1_.jpg,https://m.media-amazon.com/images/M/MV5BYTE4MDllZjktMzM3ZC00NWE1LTg5ODQtZjEzOTFmZDVjZWY5XkEyXkFqcGdeQXVyMzU0NzkwMDg@._V1_.jpg,https://prod-ripcut-delivery.disney-plus.net/v1/variant/disney/B427A4E1C36382218C12BEDC975EE13F9DF9D7B23689A7D9DB33EBB166DE6DFB/scale?width=1200&aspectRatio=1.78&format=jpeg,https://i.guim.co.uk/img/media/5753b3bb1a76f768db2695e631242a9b0e087469/491_0_2658_1595/master/2658.jpg?width=1200&height=1200&quality=85&auto=format&fit=crop&s=f929a973f58ed3f993e6104fdc38b695,"https://lumiere-a.akamaihd.net/v1/images/pp_chipndalerescuerangers_herobanner_mobile_22586_793eb1de.jpeg?region=0,0,640,480",https://cdn.vox-cdn.com/thumbor/t3tBlCagnOxcA5NrO1sLkDsnnvw=/1400x1400/filters:format(jpeg)/cdn.vox-cdn.com/uploads/chorus_asset/file/23463801/CHIPNDALE_RESCUE_RANGERS_Payoff_042622.jpeg,https://d.newsweek.com/en/full/2039928/chip-n-dale-rescue-rangers.jpg,https://prod-ripcut-delivery.disney-plus.net/v1/variant/disney/18A596A9C54DEF036720EAA618C3D727F019F93579D9C3F0E3AC7D2874FFCBE9/scale?width=1920&aspectRatio=1.78&format=jpeg,https://static.toiimg.com/photo/91657406.cms,https://cdn.vox-cdn.com/thumbor/MsUqV9xm3R2X8Q_T0t68X1Kj2wE=/0x0:3840x1600/1200x800/filters:focal(1613x493:2227x1107)/cdn.vox-cdn.com/uploads/chorus_image/image/70895622/CDRR_FF_036.0.jpg,https://d23.com/app/uploads/2022/05/00_1180w-600h_rangers_051922.jpg,https://thathashtagshow.com/wp-content/uploads/2022/05/281446513_5279906528727792_6576141447096031262_n-1200x640.png,https://staticg.sportskeeda.com/editor/2022/05/53c9a-16528129947479-1920.jpg,https://upload.wikimedia.org/wikipedia/en/e/e5/Chip_%27n%27_Dale_Rescue_Rangers_Logo.png,https://static1.srcdn.com/wordpress/wp-content/uploads/2022/05/Chip-and-Dale-rescue-rangers-cameos-flounder-peter-pan-ugly-sonic.jpg,https://www.pinkvilla.com/files/styles/amp_metadata_content_image/public/chip_n_dale_0.jpg,https://www.slashfilm.com/img/gallery/chip-n-dale-rescue-rangers-review-an-unexpectedly-wild-industry-satire/l-intro-1652373320.jpg,https://m.media-amazon.com/images/I/81AukyPB4UL._SL1371_.jpg,https://m.media-amazon.com/images/M/MV5BNzdkMDkxZDktMzU1MS00ZDA5LThmZDgtZjgwOGFkNmVkZTJjXkEyXkFqcGdeQWxiaWFtb250._V1_.jpg,https://www.giantfreakinrobot.com/wp-content/uploads/2022/05/chip-n-dale-movie.jpg
9,https://lumiere-a.akamaihd.net/v1/images/p_turningred_22797_1_c17f32af.jpeg,https://m.media-amazon.com/images/M/MV5BMmM4ZmEyNmUtODI2NC00OTZmLWIzMWEtMjllMzc2Zjg2NTFjXkEyXkFqcGdeQXN3aWZ0dw@@._V1_.jpg,https://upload.wikimedia.org/wikipedia/en/9/9e/Turning_Red_poster.jpg,https://prod-ripcut-delivery.disney-plus.net/v1/variant/disney/DDB00475C29CBA60327DC03BC1AE0024F2CC75E9B9499CFA3371D9439084CC20/scale?width=1200&aspectRatio=1.78&format=jpeg,"https://lumiere-a.akamaihd.net/v1/images/pp_turningred_herobanner_mobile_21513_af22610c.jpeg?region=0,0,640,480",https://images-na.ssl-images-amazon.com/images/I/91TCoVPVdIL.jpg,https://ychef.files.bbci.co.uk/live/624x351/p0bsyn5q.jpg,https://static01.nyt.com/images/2022/03/16/well/16well-turningred/16well-turningred-videoSixteenByNine3000.jpg,https://m.media-amazon.com/images/M/MV5BMDgyNjgwZTUtZjM4MC00OWYxLWFmNGYtNTNlZjEzOTVlODgyXkEyXkFqcGdeQVRoaXJkUGFydHlJbmdlc3Rpb25Xb3JrZmxvdw@@._V1_.jpg,https://images.theconversation.com/files/454130/original/file-20220324-21-15affoj.jpg?ixlib=rb-1.1.0&q=45&auto=format&w=1200&h=1200.0&fit=crop,https://raisingwhasians.com/wp-content/uploads/2022/03/Turning-red-movie-review-safe-for-kids.jpg,https://cdn.vox-cdn.com/thumbor/tMiBdhtqX-vZDWvE-EBfwBzvELY=/8x107:2872x1675/1200x800/filters:focal(1255x451:1715x911)/cdn.vox-cdn.com/uploads/chorus_image/image/70634779/Screen_Shot_2022_03_15_at_3.03.57_PM.0.png,https://www.looper.com/img/gallery/the-small-detail-in-turning-red-that-has-fans-buzzing-about-representation/l-intro-1646943319.jpg,https://legacynyplorg-live.s3.amazonaws.com/s3fs-public/https_hiddenremote.com_files_image-exchange_2022_03_ie_61508.jpeg,https://m.media-amazon.com/images/I/81qh6W4K86L._SL1500_.jpg,https://i.ytimg.com/vi/pqdHP2dWQ9M/maxresdefault.jpg,https://www.pinkvilla.com/files/styles/gallery-preview/public/turning_red_2.jpg?itok=B4zlKU-B,https://assets-prd.ignimgs.com/2021/11/17/turning-red-ver3-button-1637176612873.jpg,https://m.media-amazon.com/images/M/MV5BMzIxYjE4NDAtNGFmOS00OWRmLWExNmEtM2FkYWVhYTM0OWQ5XkEyXkFqcGdeQXVyMDM2NDM2MQ@@._V1_.jpg,https://www.murphysmultiverse.com/wp-content/uploads/2022/03/review_turning_red-800x450.jpg
10,https://media.vanityfair.com/photos/6286acba565384bb717991ce/master/pass/731098e201fb8b9edb5bd166b5be8e3a1d0104c4.jpeg,https://deadline.com/wp-content/uploads/2022/05/arma--e1652989579621.jpg,https://assets-prd.ignimgs.com/2022/05/20/armageddon-time-hero-1653067773347.jpg,https://www.thewrap.com/wp-content/uploads/2020/07/Armageddon-Time-Cast-James-Gray-618x400.jpg,https://www.hollywoodreporter.com/wp-content/uploads/2022/05/Armageddon-Time-Cast-Carpet-Cannes-GettyImages-1398162483-H-2022.jpg,https://imagesvc.meredithcorp.io/v3/mm/image?url=https%3A%2F%2Fstatic.onecms.io%2Fwp-content%2Fuploads%2Fsites%2F6%2F2022%2F05%2F19%2FARMAGEDDON-TIME_03.jpg,https://m.media-amazon.com/images/M/MV5BMzc2OWI4YTktN2VlYS00YmMwLWJlYjYtNmI3MmY4NjExNGEyXkEyXkFqcGdeQXVyMTM1NDI1MjUy._V1_.jpg,https://media.newyorker.com/photos/62868fa1db1cefc068b17550/master/pass/Brody-Armageddon-Timme.jpg,https://www.ramascreen.com/wp-content/uploads/2022/07/Armageddon-Time-e1657259924954.jpg,https://a.ltrbxd.com/resized/film-poster/5/4/2/7/1/9/542719-armageddon-time-0-230-0-345-crop.jpg?k=953aca2841,https://images.squarespace-cdn.com/content/v1/5bbcad0f2727be3646b9fee1/1eb72091-dd7f-4d1a-88cf-916915eb2cae/5F2454E7-4E82-442E-83DE-744523388E1D.jpeg,https://dl.moviesr.net/images/Ku4TU.jpg,https://images.indianexpress.com/2022/05/Armageddon-Time-1200-1.jpg,https://m.media-amazon.com/images/M/MV5BYWFlMzllMDMtNjJhNy00ZTU3LWE1M2UtZWUwMjQyYzEzY2ZmXkEyXkFqcGdeQXVyMTM1NDI1MjUy._V1_.jpg,https://deadline.com/wp-content/uploads/2022/08/Armageddon-Time_full_laurels.jpg,https://deadline.com/wp-content/uploads/2020/06/robert-de-niro-oscar-isaac-anne-hathaway-donald-sutherland.jpg,https://m.media-amazon.com/images/M/MV5BOTA3ODkyMzktOGJlOC00ZDRjLTkzZTMtOTFiZGEwM2VlNDFmXkEyXkFqcGdeQXVyMTM1NDI1MjUy._V1_.jpg,https://dl.moviesr.net/images/tZRMw.jpg,https://m.media-amazon.com/images/M/MV5BZTcwMTMxYTgtMmNiNi00ZTM4LThkMWEtOTIzNGQ2YTA3OTBmXkEyXkFqcGdeQXVyMTkxNjUyNQ@@._V1_.jpg,https://m.media-amazon.com/images/I/51oHk730gdL._SY355_.jpg
11,https://images-na.ssl-images-amazon.com/images/I/71VZGrjyqCL.jpg,https://m.media-amazon.com/images/M/MV5BMDhkYmU0MzctMWEzNy00ODg1LWI3ZjAtMGZlZjkzNWVmMzVjXkEyXkFqcGdeQXVyMTM1MTE1NDMx._V1_.jpg,https://www.dreamworks.com/storage/cms-uploads/the-bad-guys-share-image-v2.jpg,https://play-lh.googleusercontent.com/o2fFUximOcivUssUWQHbC7NGSORGgzhVJZ9xXbwPoCCc6BQ0AKuEo3EEACToJsNePLKyd-0ScK8zZUSnyLc,https://upload.wikimedia.org/wikipedia/en/thumb/0/00/The_Bad_Guys_poster.jpeg/220px-The_Bad_Guys_poster.jpeg,https://cloudfront-us-east-1.images.arcpublishing.com/infobae/HURWNVX62NEZHOUB6CEOF4X2RU.jpg,https://www.dreamworks.com/storage/cms-uploads/tbg-product-features-4k.png,"https://images-na.ssl-images-amazon.com/images/I/51ZOVOX1cJL._SX500_BO1,204,203,200_.jpg",https://images-americanas.b2w.io/produtos/1917907173/imagens/livro-the-bad-guys-episode-10-the-baddest-day-ever-bad-guys/1917907173_2_large.jpg,https://images-na.ssl-images-amazon.com/images/I/71g8kDYrQDL.jpg,https://www.dreamworks.com/storage/cms-uploads/badguys-activitybook.jpg,https://guianetflix.net/wp-content/uploads/2022/04/The-Bad-Guys-chega-a-Netflix-no-final-de-2022.webp.webp,https://www.thefilmik.com/wp-content/uploads/2022/04/The-Bad-Guys.webp,"https://substackcdn.com/image/fetch/f_auto,q_auto:good,fl_progressive:steep/https%3A%2F%2Fbucketeer-e05bbc84-baa3-437e-9518-adb32be77984.s3.amazonaws.com%2Fpublic%2Fimages%2F1852c575-ad30-4e97-b2b5-3f51c4a485d5_2880x1620.jpeg",https://i.ytimg.com/vi/n1rDn0hExXQ/hqdefault.jpg,https://images-americanas.b2w.io/produtos/1926335980/imagens/livro-the-bad-guys-in-superbad-the-bad-guys-8-volume-8-bad-guys/1926335980_1_large.jpg,https://images-na.ssl-images-amazon.com/images/I/9193jT6NWpL.jpg,https://blogger.googleusercontent.com/img/b/R29vZ2xl/AVvXsEg7PAfXq85ilv8Rw1EJvjC1X6MWwXrbLeOydomjQp0_5-mAF1tGe4cskNaJ2gVICQhYy4j9d2R5ZYcwdwrw3-FssFeSgTnBYAi-HGyv0c9a_3FLFTqupFhNGCqdRJWfxxD_GWc9OA_W-Xz_9f_lgHsq1URwqMkZkHBvx2FQ1gsOFcMFDjndaru-1gH8/s1920/The%20Bad%20Guys%20(2022).jpg,https://www.infobae.com/new-resizer/awKrBbisCAgmEHMa3XV09eF18iQ=/arc-anglerfish-arc2-prod-infobae/public/YZUHJ4I4KNASFP7BFPCNG2ZEOQ.jpg,https://i.ytimg.com/vi/RVG2FFO-9vo/maxresdefault.jpg
12,https://m.media-amazon.com/images/M/MV5BNTdmMDNmYmItOWFmNC00YzdkLWIyZWMtMGRlMTQyZDZmNDU0XkEyXkFqcGdeQXVyMTkxNjUyNQ@@._V1_FMjpg_UX1000_.jpg,https://m.media-amazon.com/images/M/MV5BZjYyMzdiNTMtZWJmMy00M2Q0LWJlMzYtZjMxMmU1OGQ2YjM5XkEyXkFqcGdeQXVyMTkxNjUyNQ@@._V1_.jpg,https://m.media-amazon.com/images/M/MV5BNzBjMDg2OWItY2RmZC00YmM3LWJhOGUtNWE0Yjg5MWI5YjQ5XkEyXkFqcGdeQWFsZWxvZw@@._V1_.jpg,https://s3.amazonaws.com/static.rogerebert.com/uploads/movie/movie_poster/jackass-forever-2022/large_jackass-forever-poster.jpeg,"https://m.media-amazon.com/images/M/MV5BN2NjZTAxYTctNTA4Ni00OTA2LWFiMjAtMDAwODg3ZmJmNWRkXkEyXkFqcGdeQWxiaWFtb250._V1_QL75_UX500_CR0,0,500,281_.jpg",https://trailers.apple.com/trailers/paramount/jackass-forever/images/poster-large.jpg?lastmod=1,https://www.indiewire.com/wp-content/uploads/2022/01/Screen-Shot-2022-01-10-at-9.09.09-AM.png,https://ik.imagekit.io/9ifn2ouyo26/movies/jackass-forever/jackass-forever-poster.jpg,https://c8.alamy.com/comp/2HJRDAD/jackass-forever-2022-directed-by-jeff-tremaine-and-starring-johnny-knoxville-steve-o-chris-pontius-dave-england-and-preston-lacy-after-11-years-the-jackass-crew-is-back-for-their-final-crusade-2HJRDAD.jpg,http://cinemachords.com/wp-content/uploads/2022/01/Jackass-Forever-Trailer-Final.jpg,https://target.scene7.com/is/image/Target/GUEST_d0deb069-0839-4681-a62e-0116725b8016?wid=488&hei=488&fmt=pjpeg,https://static01.nyt.com/images/2022/02/03/arts/03jackass-forever-review/03jackass-forever-review-videoSixteenByNine3000.jpg,https://www.cinemaclock.com/images/posters/1000x1500/45/jackass-forever-2021-us-poster.jpg,https://s.yimg.com/ny/api/res/1.2/uwMMYc5J5cWjXKVoi1lqbQ--/YXBwaWQ9aGlnaGxhbmRlcjt3PTY0MDtoPTk2MA--/https://s.yimg.com/uu/api/res/1.2/P9E81apeIHvXt0MfQaPqaA--~B/aD05NjA7dz02NDA7YXBwaWQ9eXRhY2h5b24-/https://media.zenfs.com/en/snappa_movies_892/3a250ee805e4ad83b7edb677a86e757f,https://i0.wp.com/spoilerfreereviews.com/wp-content/uploads/2022/02/jackass.jpeg?fit=1173%2C1468&ssl=1,https://ntvb.tmsimg.com/assets/p19599157_v_h8_aa.jpg?w=1280&h=720,https://thathashtagshow.com/wp-content/uploads/2022/01/Jackass.jpg,https://veganfoodandliving-1321f.kxcdn.com/wp-content/uploads/2022/02/Jackass-Forever.jpg,https://d1nslcd7m2225b.cloudfront.net/Pictures/1024x536/4/2/7/1362427_jackassforever_362851.jpg,https://variety.com/wp-content/uploads/2022/02/jackass-forever-1.jpg?w=1000
13,https://m.media-amazon.com/images/M/MV5BOWM0YWMwMDQtMjE5NS00ZTIwLWE1NWEtODViMWZjMWI2OTU3XkEyXkFqcGdeQXVyMTEyMjM2NDc2._V1_FMjpg_UX1000_.jpg,https://static01.nyt.com/images/2022/03/25/arts/adam-project-anatomy/merlin_203467443_f6a54ad1-f392-495c-80a6-8a63e8aedf17-videoSixteenByNine3000.jpg,https://www.denofgeek.com/wp-content/uploads/2022/03/adam.jpg?fit=1600%2C898,https://i.ytimg.com/vi/IE8HIsIrq4o/maxresdefault.jpg,https://dnm.nflximg.net/api/v6/BvVbc2Wxr2w6QuoANoSpJKEIWjQ/AAAAQUQ3U5HAbqILYC88qife9Gyh_hP-wQAVbzSB_-ChszQK6IvH_FLW8I7Ypu9KdhBTG9LKW9DW184AwMkrzCOndjneEwoyonBGQrigoY65hp_pV0u-LkE6Z-WhApL61pSweF9ER8YLR2WGC-_44WK3AZFwvsQ.jpg?r=e18,https://deadline.com/wp-content/uploads/2022/02/the-adam-project.jpg,https://media.npr.org/assets/img/2022/03/16/tap_20210211_08102r_slide-64d5ee2086411f8698aca64f59cebf7989b85270.jpg,"https://www.cnet.com/a/img/resize/69456b119355d6fe173d06ffbd56f3df9cc46f39/2022/03/09/2e050374-6f63-40f2-9815-3a0c6e9432de/adam-project-doane-gregory-netflix-tap-20201211-03483r2.jpg?auto=webp&fit=crop&height=1200&precrop=3000,1684,x0,y0&width=1200",https://m.media-amazon.com/images/M/MV5BNzIwMDFiZTQtYTA0NS00NjBjLTkzNDQtNThkMmU0N2U5NzIyXkEyXkFqcGdeQWRvb2xpbmhk._V1_.jpg,https://www.thewrap.com/wp-content/uploads/2022/01/The-Adam-Project-Ryan-Reynolds-Mark-Ruffalo-Walker-Scobell.jpg,https://idsb.tmgrup.com.tr/ly/uploads/images/2022/03/10/189304.jpg,https://dnm.nflximg.net/api/v6/2DuQlx0fM4wd1nzqm5BFBi6ILa8/AAAAQURVrZBI_0Jsvk358VfTJTpBgr5k7A_qrTBs2dPTzAeUH5YpI3pcYo8fhvZ5bIiz9NUbaZUAiWUvw3cT9wHF5GqoaPnl23TytJ7X5qkRa0GF0xRK9jjzgzuNDJXXwjwGYL2Ez1iZZElaImaKkGvp0r9A.jpg?r=84c,https://www.indiewire.com/wp-content/uploads/2022/03/Screen-Shot-2022-03-01-at-10.32.36-AM.png,https://s3.amazonaws.com/static.rogerebert.com/uploads/review/primary_image/reviews/the-adam-project-movie-review-2022/the-adam-project-movie-review-2022.jpeg,"https://hips.hearstapps.com/vidthumb/images/ryan-reynolds-walker-scobell-the-adam-project-trailer-1644501506.jpg?crop=0.611xw:1.00xh;0.116xw,0&resize=480:*",https://pyxis.nymag.com/v1/imgs/831/3b1/a26f9844362ce1cc83484340464f812b7d-adam-project.rhorizontal.w700.jpg,https://www.lcc.edu/lookout/_resources/images/movie-review-pic-week-34.jpeg,https://cdn-www.comingsoon.net/assets/uploads/2022/03/adam-project-scene-e1648748905516.jpg,"https://images2.minutemediacdn.com/image/fetch/w_736,h_485,c_fill,g_auto,f_auto/https%3A%2F%2Fnetflixlife.com%2Ffiles%2Fimage-exchange%2F2022%2F02%2Fie_83322-850x560.jpeg",https://eu-images.contentstack.com/v3/assets/bltcd74acc1d0a99f3a/blt3d42f74886f0563e/622248d87d6c6b5613685f43/the-adam-project-wide.jpeg
14,https://m.media-amazon.com/images/M/MV5BZTgxMGQ2ZDctYWY4Yy00YTI4LWIxMmYtOWViMGI5ZDIwMmFiXkEyXkFqcGdeQXVyMTAyMjQ3NzQ1._V1_FMjpg_UX1000_.jpg,https://i.ytimg.com/vi/wKk5VAK1GZQ/maxresdefault.jpg,https://static01.nyt.com/images/2022/03/03/arts/03fresh-review/03fresh-review-videoSixteenByNine3000.jpg,https://i.ytimg.com/vi/iUT4YskFTig/hqdefault.jpg,https://lookaside.fbsbx.com/lookaside/crawler/media/?media_id=103727578435,https://www.fresh.com/on/demandware.static/-/Library-Sites-Fresh-SharedLibrary/default/dw576859c6/nav/Gifting%20Nav/CG_2022_NavPromo_21.jpg,https://www.fresh.com/dw/image/v2/BDJQ_PRD/on/demandware.static/-/Library-Sites-Fresh-SharedLibrary/default/dw7b273e1e/HP-sub-billboard/forever-fresh-module.jpg?sw=800&sh=800&sm=cut,https://r.lvmh-static.com/uploads/2014/10/zone_1_header.jpg,https://m.media-amazon.com/images/M/MV5BYTUzNDY5MjctYmJjNi00NDQzLTg4M2UtYTExMTI1ZTVlMzE2XkEyXkFqcGdeQXVyODc0OTEyNDU@._V1_.jpg,https://m.media-amazon.com/images/M/MV5BYTQ2MDZmM2YtYTI3MC00Y2U0LWFiOGEtNzBiOTFhMWZjY2IwXkEyXkFqcGdeQXVyMTkxNjUyNQ@@._V1_.jpg,https://www.thedigitalfix.com/wp-content/uploads/2022/02/Fresh-Sebastian-Stan-Daisy-Edgar-Jones-900x506.jpg,https://img.hulu.com/user/v3/artwork/3c0c50d1-17be-462c-aa61-c5b12b86d8bc?base_image_bucket_name=image_manager&base_image=4c0a666d-2470-424f-802a-1e5968f1d7d6&size=1200x630&format=jpeg&operations=%5B%7B%22gradient_vector%22%3A%22(0%2C0%2C0%2C0.5)%7C(0%2C0%2C0%2C0)%7C(0%2C600)%7C(0%2C240)%22%7D%2C%7B%22overlay%22%3A%7B%22position%22%3A%22SouthEast%7C(30%2C30)%22%2C%22operations%22%3A%5B%7B%22image%22%3A%22image_manager%7C61c3252e-80dd-41a0-a677-18992b9cb186%22%7D%2C%7B%22resize%22%3A%22204x204%7Cmax%22%7D%2C%7B%22extent%22%3A%22204x204%22%7D%5D%7D%7D%2C%5D,https://flxt.tmsimg.com/assets/p15386_v_v8_ad.jpg,https://s3.amazonaws.com/static.rogerebert.com/uploads/review/primary_image/reviews/fresh-movie-review-2022/fresh-movie-review-2022.jpg,https://img.hulu.com/user/v3/artwork/3c0c50d1-17be-462c-aa61-c5b12b86d8bc?base_image_bucket_name=image_manager&base_image=ed278661-1134-47c8-ba56-653316a6054b&size=458x687&format=jpeg,https://variety.com/wp-content/uploads/2022/02/Fresh.jpg,https://www.indiewire.com/wp-content/uploads/2022/01/FRESH_STILL.jpg,https://eatforum.org/content/uploads/2018/05/EAT_sprout_4_2018_1200x675-1024x576.jpg,https://m.media-amazon.com/images/M/MV5BODVhZjZhOGYtMTg5OC00YjllLWEwNTMtNmUyMWExMmU0MTJlXkEyXkFqcGdeQXVyMTk0MjQ3Nzk@._V1_FMjpg_UX1000_.jpg,https://lookaside.fbsbx.com/lookaside/crawler/media/?media_id=119307149861969
15,https://upload.wikimedia.org/wikipedia/en/3/3e/Sonic_the_Hedgehog_2_film_poster.jpg,"https://m.media-amazon.com/images/M/MV5BYTY1MDcxOTYtMmVjOC00Y2I0LWEyMmItMjRiOWVmMjQwZTdhXkEyXkFqcGdeQWFybm8@._V1_QL75_UY281_CR0,0,500,281_.jpg",https://i.ytimg.com/vi/47r8FXYZWNU/maxresdefault.jpg,https://www.dolby.com/siteassets/xf-site/content-detail-pages/sonic_2_poster_art.jpg,https://m.media-amazon.com/images/I/717nBXbrwZL._SL1205_.jpg,https://i.ytimg.com/vi/G5kzUpWAusI/maxresdefault.jpg,https://resizing.flixster.com/sjamJEBC4a5BCSo1nzt9e4Udhlk=/ems.cHJkLWVtcy1hc3NldHMvbW92aWVzL2ZiMDk5NTk0LWI0YTUtNGNjNS05ODQ0LWNlYWU3NDIxMzgwNi5qcGc=,https://upload.wikimedia.org/wikipedia/en/0/0c/Sonic_2_US_Cover.jpg,https://thumbnails.cbsig.net/CBS_Production_Entertainment_VMS/2022/04/14/2023121475896/STH2_SAlone_16_9_1920x1080_1322128_1920x1080.jpg,https://cdn.flickeringmyth.com/wp-content/uploads/2022/02/sonic-the-hedgehog-2-posters-header.jpg,https://1079life.com/wp-content/uploads/2022/04/16485709639515.jpg,https://play-lh.googleusercontent.com/_osEK-4f1M2v_XdutbH3Mc4655GV2HJJ0q3uI62uSwv0TVDgIo5yXawRo_InTUifq0Q,https://deadline.com/wp-content/uploads/2022/06/sonic-2.webp,https://m.media-amazon.com/images/M/MV5BYmE1NzhmZmYtMjMxOC00MmQzLWI5M2QtYWNlZTcxMTViZTdmXkEyXkFqcGdeQXZ3ZXNsZXk@._V1_.jpg,https://stevivor.com/wp-content/uploads/2022/03/Screen-Shot-2022-03-31-at-6.02.46-pm-Cropped.jpg,https://dx35vtwkllhj9.cloudfront.net/paramountpictures/sonic-the-hedgehog-2/images/regions/us/share.png,https://pbs.twimg.com/media/FN-8wqkXoAYilRk?format=jpg&name=900x900,https://as01.epimg.net/meristation_en/imagenes/2022/05/01/news/1651417205_938047_1651417408_noticia_normal.jpg,https://variety.com/wp-content/uploads/2022/03/Sonic-the-Hedgehog-2.jpg?w=681&h=383&crop=1,https://www.billboard.com/wp-content/uploads/2022/05/sth2-ff-084k.jpg?w=942&h=623&crop=1
16,"https://hips.hearstapps.com/hmg-prod.s3.amazonaws.com/images/golden-retriever-royalty-free-image-506756303-1560962726.jpg?crop=0.672xw:1.00xh;0.166xw,0&resize=640:*",https://post.medicalnewstoday.com/wp-content/uploads/sites/3/2020/02/322868_1100-800x825.jpg,https://i.natgeofe.com/n/4f5aaece-3300-41a4-b2a8-ed2708a0a27c/domestic-dog_thumb_4x3.jpg,https://i.guim.co.uk/img/media/fe1e34da640c5c56ed16f76ce6f994fa9343d09d/0_174_3408_2046/master/3408.jpg?width=1200&height=900&quality=85&auto=format&fit=crop&s=0d3f33fb6aa6e0154b7713a00454c83d,https://www.princeton.edu/sites/default/files/styles/half_2x/public/images/2022/02/KOA_Nassau_2697x1517.jpg?itok=iQEwihUn,"https://hips.hearstapps.com/hmg-prod.s3.amazonaws.com/images/dog-puppy-on-garden-royalty-free-image-1586966191.jpg?crop=1.00xw:0.669xh;0,0.190xh&resize=1200:*",https://cdn.britannica.com/60/8160-050-08CCEABC/German-shepherd.jpg,https://i.insider.com/5484d9d1eab8ea3017b17e29?width=600&format=jpeg&auto=webp,https://i.natgeofe.com/n/4f5aaece-3300-41a4-b2a8-ed2708a0a27c/domestic-dog_thumb_3x4.jpg,https://post.healthline.com/wp-content/uploads/2020/08/3180-Pug_green_grass-732x549-thumbnail-732x549.jpg,https://images.unsplash.com/photo-1587402092301-725e37c70fd8?ixlib=rb-1.2.1&ixid=MnwxMjA3fDB8MHxzZWFyY2h8MXx8cHVwcHklMjBkb2d8ZW58MHx8MHx8&w=1000&q=80,https://ichef.bbci.co.uk/news/976/cpsprodpb/17638/production/_124800859_gettyimages-817514614.jpg,"https://res.cloudinary.com/dk-find-out/image/upload/q_80,w_1920,f_auto/580540_mjznrj.jpg",https://kb.rspca.org.au/wp-content/uploads/2018/11/golder-retriever-puppy.jpeg,https://i.ytimg.com/vi/MPV2METPeJU/maxresdefault.jpg,https://cdn.cnn.com/cnnnext/dam/assets/201030094143-stock-rhodesian-ridgeback-super-tease.jpg,https://www.akc.org/wp-content/uploads/2017/11/Golden-Retriever-Puppy.jpg,https://www.helpguide.org/wp-content/uploads/king-charles-spaniel-resting-head-768.jpg,https://media.nature.com/lw800/magazine-assets/d41586-020-01430-5/d41586-020-01430-5_17977552.jpg,"https://media-cldnry.s-nbcnews.com/image/upload/t_fit-760w,f_auto,q_auto:best/rockcms/2022-08/220805-border-collie-play-mn-1100-82d2f1.jpg"
17,https://m.media-amazon.com/images/M/MV5BMWEwNjhkYzYtNjgzYy00YTY2LThjYWYtYzViMGJkZTI4Y2MyXkEyXkFqcGdeQXVyNTM0OTY1OQ@@._V1_.jpg,https://gmedia.playstation.com/is/image/SIEPDC/uncharted-hub-listing-thumb-en-16aug21?$facebook$,https://m.media-amazon.com/images/M/MV5BOWI5OTZlNTAtZmY5Ny00M2M1LWI1YjYtZjFkMDI2NWFlZGYzXkEyXkFqcGdeQXVyMTkxNjUyNQ@@._V1_.jpg,https://static.wikia.nocookie.net/uncharted/images/5/5e/A_Thief%27s_End_front_cover.png/revision/latest?cb=20200408011301,https://www.regmovies.com/static/dam/jcr:b9b858c4-f0aa-45d6-a7fc-0a144b91c5c2/Uncharted-Tom-Holland-First-Look-Regal-Reel-TitleImage.jpg,https://image.api.playstation.com/vulcan/ap/rnd/202111/2001/lhWa7gj8YNu4WKQTJBuM5Dvz.png,https://i.ytimg.com/vi/eHp3MbsCbMg/maxresdefault.jpg,https://www.unchartedmovie.com/images/share.jpg,https://static.wikia.nocookie.net/uncharted/images/9/9d/Nathan_Drake_from_A_Thief%27s_End.png/revision/latest?cb=20180521172750,https://assets-prd.ignimgs.com/2022/02/04/uncharted-why-didnt-it-get-made-tom-holland-1643933901439.jpg,https://i.ytimg.com/vi/l-LD16Yzi2c/maxresdefault.jpg,https://cdn2.unrealengine.com/fortnite-uncharted-nathan-drake-and-chloe-frazer-1920x1080-30a24d2b94c4.jpg,https://www.hollywoodreporter.com/wp-content/uploads/2021/10/uncharted.jpg,https://m.media-amazon.com/images/I/713God7yV7S._SL1000_.jpg,"https://www.rollingstone.com/wp-content/uploads/2022/02/DF-24338_rv2bc.jpg?resize=1800,1200&w=450",https://cdn.vox-cdn.com/thumbor/FRjpQjWnVQXipOA_45yTFaHagXY=/0x0:1568x1284/1200x800/filters:focal(659x517:909x767)/cdn.vox-cdn.com/uploads/chorus_image/image/67672425/Screen_Shot_2020_10_22_at_11.32.10_AM.0.png,https://images.bauerhosting.com/legacy/media/5d35/b718/6933/03c5/05d4/c1e6/Uncharted.jpg?q=80&w=850&ar=16:9&fit=crop&crop=top,https://image.api.playstation.com/vulcan/ap/rnd/202111/2001/9Vdas199J3tqxTIBWGijbpjW.png,https://upload.wikimedia.org/wikipedia/en/thumb/1/1a/Uncharted_4_box_artwork.jpg/220px-Uncharted_4_box_artwork.jpg,https://cdn2.unrealengine.com/fortnite-uncharted-nathan-drake-1920x1080-8c2b180994c3.jpg
18,https://m.media-amazon.com/images/M/MV5BYjExYTcwYmYtMWY2Zi00MGJlLTk3YjUtZTU1Zjg4MDc0Y2FjXkEyXkFqcGdeQXVyODE5NzE3OTE@._V1_FMjpg_UX1000_.jpg,https://flxt.tmsimg.com/assets/p18852_p_v10_al.jpg,https://pyxis.nymag.com/v1/imgs/b73/d51/f4991a746cedf9801c8c6a1b656d5c579b-scream.rsquare.w700.jpg,https://variety.com/wp-content/uploads/2022/01/scream.png,https://www.indiewire.com/wp-content/uploads/2022/01/Screen-Shot-2022-01-11-at-11.40.19-PM.png,https://variety.com/wp-content/uploads/2022/01/Screen-Shot-2022-01-07-at-8.14.05-AM.png,https://upload.wikimedia.org/wikipedia/commons/c/c5/Edvard_Munch%2C_1893%2C_The_Scream%2C_oil%2C_tempera_and_pastel_on_cardboard%2C_91_x_73_cm%2C_National_Gallery_of_Norway.jpg,https://resizing.flixster.com/6ukr4P2s6N_VJmBrbzb9mgfpxlQ=/740x380/v2/https://statcdn.fandango.com/MPX/image/NBCU_Fandango/982/619/scream_nologo.jpg,https://i.insider.com/61d74a0c95f1b9001837927e?width=750&format=jpeg&auto=webp,https://m.media-amazon.com/images/I/71-ZY+15hwL._SL1227_.jpg,https://m.media-amazon.com/images/M/MV5BMjA2NjU5MTg5OF5BMl5BanBnXkFtZTgwOTkyMzQxMDE@._V1_.jpg,https://www.regmovies.com/static/dam/jcr:371c0e67-b456-45b3-a116-fdb3ea82b75a/SCREAM-Title-Small.jpg,https://www.pluggedin.com/wp-content/uploads/2022/01/Scream.jpg,https://bloody-disgusting.com/wp-content/uploads/2021/10/Screen-Shot-2021-10-12-at-8.44.01-AM.png,https://static.independent.co.uk/2022/01/14/14/07_Scream.jpg?quality=75&width=982&height=726&auto=webp,https://i.ytimg.com/vi/AWm_mkbdpCA/maxresdefault.jpg,https://www.looper.com/img/gallery/the-entire-scream-timeline-explained/l-intro-1653313160.jpg,https://thumbnails.cbsig.net/_x/w1200/CBS_Production_Entertainment_VMS/2022/02/01/1998552131563/SCREAM_SAlone_16_9_1920x1080_NB_1213724_1920x1080.jpg,https://catholicnews.com/wp-content/uploads/custom/20220114T1130-MOVIE-REVIEW-SCREAM-1515702.jpg,https://play-lh.googleusercontent.com/LDiigO6j2gTQB8JLLMuosH7Er_l3wfx_2Lsr0BPmMF95fgJfOcYhDC8v2jtU_yjv6Tk-3sQWWhRNn5mvRMU
19,https://cdn.luxe.digital/media/2019/09/12084906/casual-dress-code-men-street-style-luxe-digital-1.jpg,https://media.gq.com/photos/6193ae2cd72e68b827466a2e/master/pass/giannis-antetokounmpo-gq-men-of-the-year-2021-11-NEW.jpg,https://images.unsplash.com/photo-1506794778202-cad84cf45f1d?ixlib=rb-1.2.1&ixid=MnwxMjA3fDB8MHxzZWFyY2h8Mnx8bWVuJTIwZmFjZXxlbnwwfHwwfHw%3D&w=1000&q=80,https://cdn.shopify.com/s/files/1/0045/5104/9304/files/Styling-American-Crew-Phillipe-RGMN_58cb1549-9653-4a1e-bbdc-4fee6c4bec4c.jpg?v=1648568598,https://metro.co.uk/wp-content/uploads/2019/05/Hi-Res-Manual-Image-ae28.jpg?quality=90&strip=all&zoom=1&resize=540%2C284,https://i.guim.co.uk/img/media/d1a8023b09fb6f46fafed7566e742e4eb5fc0c43/0_1889_3648_2189/master/3648.jpg?width=1200&height=1200&quality=85&auto=format&fit=crop&s=9f94239a31f81093d07216f42caf900e,https://s31242.pcdn.co/wp-content/uploads/2021/03/gay-couple-love-home-concept-PS6DZDP-1024x512.jpg,https://c6oxm85c.cloudimg.io/cdno/n/q85/https://az617363.vo.msecnd.net/imgmodels/models/MD10003095/screen_shot_2021-10-03_at_10.10.13_am967c210761933cea92172628648d7bc5_thumb.png,https://images.pexels.com/photos/2379004/pexels-photo-2379004.jpeg?auto=compress&cs=tinysrgb&dpr=1&w=500,https://images-us.nivea.com/-/media/global/advice/nivea-men/show-your-sensitive-skin-some-love/show-your-sensitive-skin-some-love-intro.jpg?rx=1290&ry=0&rw=1452&rh=805,https://media.gettyimages.com/photos/smiling-hispanic-man-against-white-background-picture-id1314489757?s=612x612,https://i.guim.co.uk/img/media/d1a8023b09fb6f46fafed7566e742e4eb5fc0c43/0_1889_3648_2189/master/3648.jpg?width=1300&quality=85&fit=max&s=b7d837af07c3fe2fe6f7e92c7544ca43,https://giovannicosmetics.com/wp-content/uploads/2020/04/For-Men.jpg,https://5outof4.com/wp-content/uploads/2019/11/rocky4-scaled.jpg,https://images.medicinenet.com/images/article/main_image/average-height-for-men.jpg,https://dm.henkel-dam.com/is/image/henkel/men_perfect_com_thumbnails_home_pack_400x400-wcms-international?scl=1&fmt=jpg,https://images.indianexpress.com/2022/04/GettyImages-men-health-1200.jpg?w=389,https://www.muscleandfitness.com/wp-content/uploads/2015/08/what_makes_a_man_more_manly_main0.jpg?quality=86&strip=all,https://www.telegraph.co.uk/content/dam/men/2022/01/12/Spoke-best-mens-online-fashion-retailers_trans_NvBQzQNjv4BqqVzuuqpFlyLIwiB6NTmJwfSVWeZ_vEN7c6bHu2jJnT8.jpg,https://www.realmenrealstyle.com/wp-content/uploads/2021/05/body-types.jpg
20,https://m.media-amazon.com/images/M/MV5BNjI4ZTQ1OTYtNTI0Yi00M2EyLThiNjMtMzk1MmZlOWMyMDQwXkEyXkFqcGdeQXVyMTEyMjM2NDc2._V1_.jpg,https://lumiere-a.akamaihd.net/v1/images/p_20cs_deathonthenile_22532_4516b236.jpeg,https://m.media-amazon.com/images/M/MV5BZGI0MjYxOWEtZjU4MC00ZDEwLWFkZTgtYzg2NjJiMTU4MGQ5XkEyXkFqcGdeQXVyMTEyMjM2NDc2._V1_.jpg,https://images.hindustantimes.com/img/2022/02/11/1600x900/death_on_the_nile_1644572201920_1644572214906.jpg,https://i.ytimg.com/vi/JM1U-Whb-P0/maxresdefault.jpg,https://www.indiewire.com/wp-content/uploads/2022/02/image.jpeg,https://helios-i.mashable.com/imagery/articles/02zHc8W5LMjFZqKqftXISa6/hero-image.fill.size_1248x702.v1644193927.png,https://www.pinkvilla.com/files/styles/amp_metadata_content_image/public/death_on_the_nile_review.jpg,https://storage.googleapis.com/afs-prod/media/a3d949dafc5946dc9f9b22f0c0c91f28/3000.jpeg,https://deadline.com/wp-content/uploads/2019/10/death-on-the-nile-e1569939468384.png,https://img1.hulu.com/user/v3/artwork/518d2efc-7cde-4878-85ff-b8dd13a83a2b?base_image_bucket_name=image_manager&base_image=4a06cebf-d790-4f60-9948-02186c21cd36&size=458x687&format=jpeg,https://ca-times.brightspotcdn.com/dims4/default/6933b84/2147483647/strip/true/crop/6048x4024+0+0/resize/1486x989!/quality/90/?url=https%3A%2F%2Fcalifornia-times-brightspot.s3.amazonaws.com%2F02%2Fed%2Fb3cb322f4522b3188c52bb2ebce5%2Fdf-01997-r3.jpg,https://i.ytimg.com/vi/dZRqB0JLizw/maxresdefault.jpg,"https://agathachristie.imgix.net/image-store/Jacket_FilmTieInDOTN.jpg?auto=compress,format&fit=clip&q=65&w=400",https://m.media-amazon.com/images/M/MV5BZjZjN2M5OTktNDM1Mi00MWU3LWI4M2QtOTNlNTY0ZDk5MjUxXkEyXkFqcGdeQXVyMTAyOTE2ODg0._V1_.jpg,"https://static.toiimg.com/thumb/msid-71107777,width-219,height-317,imgsize-49525/71107777.jpg",https://www.denofgeek.com/wp-content/uploads/2022/01/Cast-of-Death-on-the-Nile-including-Kenneth-Branagh-and-Gal-Gadot.jpg?fit=1200%2C675,https://www.thewrap.com/wp-content/uploads/2022/02/DeathonNileMainSplit-936x527.jpg,https://www.fwweekly.com/wp-content/uploads/2022/02/Death-on-the-Nile.jpg,https://variety.com/wp-content/uploads/2022/02/Behind-the-Scenes-Death-on-the-Nile.jpg?w=681&h=383&crop=1
21,https://m.media-amazon.com/images/M/MV5BZGQ1NjQyNDMtNzFlZS00ZGIzLTliMWUtNGJkMGMzNTBjNDg0XkEyXkFqcGdeQXVyMTE1NDI5MDQx._V1_.jpg,https://static.wikia.nocookie.net/harrypotter/images/d/dc/The-secrets-of-dumbledore-poster.jpeg/revision/latest?cb=20220628114318,https://m.media-amazon.com/images/M/MV5BMzkxM2M4MTktYzFhOS00MjllLTliZDctYjI2ODcwYzcxYTFjXkEyXkFqcGdeQWpnYW1i._V1_.jpg,https://www.etonline.com/sites/default/files/images/2022-04/harry.jpeg,https://i.ytimg.com/vi/1o_MjaF_E2o/maxresdefault.jpg,https://www.fantasticbeasts.com/assets/images/desktopbanner.jpg,https://i5.walmartimages.com/asr/8d5ccd29-245e-4453-977a-7e6a6d548a5f.f3294ccd9d68e0144d2dba6ae50429f1.jpeg,https://i.ytimg.com/vi/Y9dr2zw-TXQ/maxresdefault.jpg,https://static01.nyt.com/images/2022/04/15/multimedia/14fantastic-beasts-review/14fantastic-beasts-review-superJumbo.jpg,https://m.media-amazon.com/images/I/81kg+2hd49L._SL1500_.jpg,https://a.ltrbxd.com/resized/sm/upload/4n/mf/py/x7/fantastic-beasts-secrets-dumbledore-1200-1200-675-675-crop-000000.jpg?k=323da52214,https://wme-gep-drupal-hbo-prod.s3.amazonaws.com/2022-05/fantastic-beasts-secrets-of-dumbledore-ka-1920_0.jpg,https://www.jkrowling.com/wp-content/uploads/2022/03/FB3-Cover.png,https://m.media-amazon.com/images/M/MV5BNmNiM2MyMzAtMDhjYi00ODZjLWI4OTktMmFjN2U1OWZkYThhXkEyXkFqcGdeQWpnYW1i._V1_.jpg,https://www.fantasticbeasts.com/images/share.jpg,https://www.fantasticbeasts.com/images/banner_img_mobile.jpg,https://i.ytimg.com/vi/DaM_wL1ZOM4/maxresdefault.jpg,https://www.thefilmik.com/wp-content/uploads/2022/01/Secrets-Of-Dumbledore.webp,https://image-cdn.hypb.st/https%3A%2F%2Fhypebeast.com%2Fimage%2F2022%2F04%2Ffantastic-beasts-secret-of-dumbledore-franchise-low-numbers-box-office-tw.jpg?w=960&cbr=1&q=90&fit=max,https://i.ytimg.com/vi/YSVjmLO15yo/maxresdefault.jpg
22,https://m.media-amazon.com/images/M/MV5BMmIwYzFhODAtY2I1YS00ZDdmLTkyYWQtZjI5NDIwMDc2MjEyXkEyXkFqcGdeQXVyODk4OTc3MTY@._V1_.jpg,https://i.ytimg.com/vi/AfMteJATGeQ/movieposter_en.jpg,https://thumbnails.cbsig.net/_x/w1200/CBS_Production_Entertainment_VMS/2022/04/21/2025229379685/LOSTC_SAlone_16_9_1920x1080_1314528_1920x1080.jpg,https://catholicnews.com/wp-content/uploads/custom/20220324T1545-MOVIE-REVIEW-THE-LOST-CITY-1523886.jpg,https://i.ytimg.com/vi/nfKO9rYDmE8/maxresdefault.jpg,https://resizing.flixster.com/l5sXf2W2NE6x635YtA_EdohkXLo=/740x380/v2/https://statcdn.fandango.com/MPX/image/NBCU_Fandango/499/667/thumb_E3B20734-5135-4952-99B3-89793069AB47.jpg,https://m.media-amazon.com/images/I/81A0sqY3swL._SL1500_.jpg,https://m.media-amazon.com/images/M/MV5BYTMzZDRiNDctODg4ZS00ZTc2LTgwZjEtMzk2NjU3YWViNTdkXkEyXkFqcGdeQXNuZXNodQ@@._V1_.jpg,https://themoviespoiler.com/wp-content/uploads/2022/03/lost_city.jpg,https://i5.walmartimages.com/asr/d7c65694-a9dc-4169-ac41-26805a57273f.683db27feaa7da6c440b8e440d054fe2.jpeg,https://deadline.com/wp-content/uploads/2022/03/lost-city-e1647985379218.jpg,"https://m.economictimes.com/thumb/msid-91497701,width-1599,height-1066,resizemode-4,imgsize-96414/the-lost-city-premiere.jpg",https://static1.moviewebimages.com/wordpress/wp-content/uploads/2022/05/PittandCompany.jpg,https://target.scene7.com/is/image/Target/GUEST_da84f41c-235b-41c7-a6c7-da3f4e4e5199?wid=488&hei=488&fmt=pjpeg,https://helios-i.mashable.com/imagery/articles/00y4hOwDBZILqTByCuk9byk/hero-image.fill.size_1248x702.v1653576694.jpg,https://pbs.twimg.com/profile_images/1472015545755070465/oz14L7pN_400x400.jpg,https://m.media-amazon.com/images/M/MV5BNjM4ODM1MTMzOF5BMl5BanBnXkFtZTcwMzY1NzczMQ@@._V1_FMjpg_UX1000_.jpg,https://www.thewrap.com/wp-content/uploads/2022/03/LostCity.jpg,https://www.pinkvilla.com/files/styles/amp_metadata_content_image/public/the_lost_city_review_2.jpg,https://m.media-amazon.com/images/M/MV5BMjY0NDFkN2MtYjFlMi00MGRkLWFlZjQtZTJhZTlmMjczNjZkXkEyXkFqcGdeQVRoaXJkUGFydHlJbmdlc3Rpb25Xb3JrZmxvdw@@._V1_.jpg
23,https://upload.wikimedia.org/wikipedia/commons/1/11/2016_Fiat_Ducato_42_Maxi_West_Midlands_Ambulance_Service_3.0.jpg,https://img.medicalexpo.com/images_me/photo-g/77756-17474589.webp,https://www.bridgemi.com/sites/default/files/styles/full_width_image/public/hero_images/ambulance.jpg?itok=B8lLBoJU,https://drivenbybattat.com/wp-content/uploads/WH1126_PR.png,https://i.ytimg.com/vi/rG6Lc0z75UY/mqdefault.jpg,https://imagesvc.meredithcorp.io/v3/mm/image?url=https%3A%2F%2Fstatic.onecms.io%2Fwp-content%2Fuploads%2Fsites%2F6%2F2022%2F04%2F05%2FAmbulance_3.jpg,https://m.media-amazon.com/images/M/MV5BYjUyN2VlZGEtNGEyZC00YjViLTgwYmQtZDJiM2FlOTU3Mjg2XkEyXkFqcGdeQXVyMjMxOTE0ODA@._V1_.jpg,https://resizing.flixster.com/Mg-zt7m0ek1ZAdOUQTb_a1jeHFo=/ems.cHJkLWVtcy1hc3NldHMvbW92aWVzLzJiNzJmYTU0LTg4YWEtNDdmMS05MmI4LTQ5MGZhYTg1OTc1Ny5qcGc=,https://img.freepik.com/free-vector/emergency-ambulance-white-background_1308-95157.jpg?w=2000,https://image.cnbcfm.com/api/v1/image/101096001-165869639.jpg?v=1579640843,https://www.perintonambulance.org/wp-content/uploads/2022/05/Cover05072022.jpg,https://dornsife.usc.edu/assets/img/news/story/3195.jpg,https://ca-times.brightspotcdn.com/dims4/default/1811aca/2147483647/strip/true/crop/4464x2867+0+0/resize/1486x954!/quality/90/?url=https%3A%2F%2Fcalifornia-times-brightspot.s3.amazonaws.com%2F65%2Fde%2F16c1b40c4b1b8a4abf5552336532%2Fsd-photos-1staff-855230-sd-me-ambulance-staff-002.JPG,https://upload.wikimedia.org/wikipedia/commons/thumb/e/e4/Ambulance_Graz_side2.jpg/1200px-Ambulance_Graz_side2.jpg,https://arc-anglerfish-washpost-prod-washpost.s3.amazonaws.com/public/6B2KEPFR3MI6XPEW7X2V3ZB354.jpg,http://www.emro.who.int/images/stories/syria/ambulance.jpg,https://ichef.bbci.co.uk/news/976/cpsprodpb/0F44/production/_125880930_hi071899496.jpg,https://assets.medpagetoday.net/media/images/97xxx/97318.jpg,https://drivenbybattat.com/wp-content/uploads/WH1126_DP_A.png,https://ospirg.org/sites/pirg/files/ambulance%20speeding.jpg
24,https://m.media-amazon.com/images/M/MV5BNTZhNDM0MGItYjIwYS00NTMzLWIxYmUtZjIwM2Q4NDhjY2EyXkEyXkFqcGdeQXVyMTM1MTE1NDMx._V1_.jpg,https://www.catholicnews.com/wp-content/uploads/custom/20220412T1127-MOVIE-REVIEW-ALL-OLD-KNIVES-1525490.jpg,https://m.media-amazon.com/images/M/MV5BMDBlZDcwYTItYWQyMS00MzE3LTlkYWYtODg1MDczYzEwYjhhXkEyXkFqcGdeQXVyMTkxNjUyNQ@@._V1_.jpg,https://m.media-amazon.com/images/M/MV5BNmMzMDE0MzktODBlYi00NWI3LWFkNDEtOTVkY2Q3MzVjNTFmXkEyXkFqcGdeQXVyMTkxNjUyNQ@@._V1_.jpg,https://dx35vtwkllhj9.cloudfront.net/amazonstudios/all-the-old-knives/images/tablet_bg.jpg,https://images.bauerhosting.com/legacy/media/6250/3d1e/b332/9c78/7451/9a13/old-knives-2.jpg?format=jpg&quality=80&width=960&height=540&ratio=16-9&resize=aspectfill,https://dx35vtwkllhj9.cloudfront.net/amazonstudios/all-the-old-knives/images/mobile_bg.jpg,https://m.media-amazon.com/images/M/MV5BZWYyNTAwYzItZGIzNi00YWI4LTkyYWUtM2MxMWVhZTQ0YjM3XkEyXkFqcGdeQXRyYW5zY29kZS13b3JrZmxvdw@@._V1_.jpg,https://moviereviewmom.com/wp-content/uploads/2022/04/poster-1.jpg,https://i.ytimg.com/vi/6s7NziAetNs/maxresdefault.jpg,"https://images2.minutemediacdn.com/image/fetch/w_736,h_485,c_fill,g_auto,f_auto/https%3A%2F%2Famazonadviser.com%2Ffiles%2Fimage-exchange%2F2017%2F07%2Fie_84432-850x560.jpeg",https://m.media-amazon.com/images/I/41HAQVjnTYL.jpg,https://www.nme.com/wp-content/uploads/2022/04/All_The_Old_Knives_Prime.jpg,https://pics.filmaffinity.com/All_the_Old_Knives-714190571-large.jpg,https://images.newindianexpress.com/uploads/user/imagelibrary/2022/4/14/w1200X800/All_The_Old_Knives.png,https://resizing.flixster.com/qUvU4Owvm_ClzBp1n0H89Ns1oWg=/740x380/v2/https://statcdn.fandango.com/MPX/image/NBCU_Fandango/97/567/thumb_83E1B781-392D-4E3A-8CF1-D155DF62021D.jpg,https://s.hdnux.com/photos/01/25/05/77/22306793/5/rawImage.jpg,https://i.dailymail.co.uk/1s/2021/01/12/12/37907298-0-image-a-96_1610454948874.jpg,https://assets-prd.ignimgs.com/2022/04/08/all-the-old-knives-blogroll-1649449849710.jpg,"https://www.cnet.com/a/img/resize/a8154cdd371ecd47955c4fea3d77113187aca244/2022/04/06/87544627-4460-492d-9afc-6b6527c46d15/all-the-old-knives.jpg?auto=webp&fit=crop&height=900&precrop=6000,3373,x0,y418&width=1200"
25,https://m.media-amazon.com/images/M/MV5BYTc4M2Q2Y2YtMjM0MS00ZTEyLWExYmMtMjEzNjlmNTNjMWYxXkEyXkFqcGdeQXVyODc0OTEyNDU@._V1_FMjpg_UX1000_.jpg,https://upload.wikimedia.org/wikipedia/en/1/1d/No_Exit_poster.jpeg,https://images-na.ssl-images-amazon.com/images/I/81HF6-FVNzL.jpg,https://pics.filmaffinity.com/No_Exit-275596673-large.jpg,https://thecinemaholic.com/wp-content/uploads/2022/02/screenshot-11-1.png,https://i.ytimg.com/vi/1iz1zqPrsQ4/maxresdefault.jpg,https://upload.wikimedia.org/wikipedia/en/a/a3/NoExit_cover.gif,"https://m.media-amazon.com/images/M/MV5BZGM4MTFkYjAtOTcyYi00YWRhLTgyMWEtMWVjMDM5ZGI1Yjc1XkEyXkFqcGdeQVRoaXJkUGFydHlJbmdlc3Rpb25Xb3JrZmxvdw@@._V1_QL75_UX500_CR0,0,500,281_.jpg",https://img4.hulu.com/user/v3/artwork/4800d468-b587-44de-bad8-2646588bfa6b?base_image_bucket_name=image_manager&base_image=80717f64-ba52-4f46-831b-14172b172f52&region=US&format=jpeg&size=952x536,https://i.ytimg.com/vi/GFvupyiNEz0/hqdefault.jpg,https://static01.nyt.com/images/2022/02/25/multimedia/25no-exit-review/25no-exit-review-articleLarge.jpg?quality=75&auto=webp&disable=upscale,https://i.gr-assets.com/images/S/compressed.photo.goodreads.com/books/1498539883l/35522836._SY475_.jpg,"https://m.media-amazon.com/images/M/MV5BZTMwNWQ4ZjktZWFmMS00ZWM4LTljOWYtZWJhOGY3MWRiZDBkXkEyXkFqcGdeQWdhbWF6b2E@._V1_QL75_UX500_CR0,0,500,281_.jpg",https://aiptcomics.com/wp-content/uploads/2022/02/No-Exit-1.jpeg,https://cdn.free-printable-signs.com/images/large/no-exit-sign.png,https://m.media-amazon.com/images/M/MV5BMmJiMzgzYmQtY2VhZS00MTg5LWE1ZDUtNzM2ZDQxZjUxMDdjXkEyXkFqcGdeQXVyODIzODM4MTE@._V1_.jpg,https://www.disneyplusinformer.com/wp-content/uploads/2022/02/No-Exit-Character-Posters-1.jpg,https://www.accuform.com/files/damObject/Image/huge/MADC526HR.jpg,https://prod-ripcut-delivery.disney-plus.net/v1/variant/disney/C9F46C23ABF0EF9CB2EE217606B90A635333E6BFE61ECD1D054A7B8A49715E0A/scale?width=1200&aspectRatio=1.78&format=jpeg,https://collegearts.yale.edu/sites/default/files/styles/poster_portrait/public/poster/no_exit_flyer-01.png?itok=w3zICtEY
26,https://m.media-amazon.com/images/M/MV5BOTBjMjA4NmYtN2RjMi00YWZlLTliYTktOTIwMmNkYjYxYmE1XkEyXkFqcGdeQXVyODE5NzE3OTE@._V1_FMjpg_UX1000_.jpg,https://static01.nyt.com/images/2022/06/09/multimedia/09jurassic1/09jurassic1-videoSixteenByNine3000.jpg,https://images-na.ssl-images-amazon.com/images/I/91cckafa8kL.jpg,https://static.wikia.nocookie.net/jurassicpark/images/2/2d/Jurassic_World_Dominion_Poster.png/revision/latest?cb=20220612202824,https://m.media-amazon.com/images/M/MV5BYTM3ZDMwYTctZTcwNy00M2U1LTljM2EtMWM4MzRkNzI1MTJhXkEyXkFqcGdeQXVyODk4OTc3MTY@._V1_.jpg,https://i.ytimg.com/vi/NkEU6fC_nhY/maxresdefault.jpg,https://movies.universalpictures.com/media/03-jwd-dm-mobile-banner-1080x745-rr-f01-042722-626af9ed096a3-1.jpg,https://m.media-amazon.com/images/I/71k-aRfPFTL._SY445_.jpg,https://www.indiewire.com/wp-content/uploads/2022/06/MV7UJw5w.jpeg,https://www.deccanherald.com/sites/dh/files/articleimages/2022/06/10/2512tfp02243a-1116937-1654855361.jpg,https://www.denofgeek.com/wp-content/uploads/2022/06/Bryce-Dallas-Howard-and-Dilophosaurus-in-Jurassic-World.png?resize=768%2C432,https://resizing.flixster.com/5-L0IEggKwHTBmF47D-YezpjVbU=/740x380/v2/https://statcdn.fandango.com/MPX/image/NBCU_Fandango/635/863/jurassic_tr2_04.jpg,https://gumlet.assettype.com/swarajya%2F2022-06%2Faa02958d-2e39-4c03-82b3-51b19358bd50%2Fdominion.jpg?auto=format%2Ccompress&w=400&dpr=2.6,https://ichef.bbci.co.uk/news/976/cpsprodpb/07CA/production/_125349910_hi076570631.jpg,https://m.media-amazon.com/images/M/MV5BMjIwNmJjNTItZWI5Yy00Zjk2LTliZWUtNjM3YWI3ZmI3Yzg2XkEyXkFqcGdeQXNuZXNodQ@@._V1_.jpg,https://i.ytimg.com/vi/PuzRfhlk8mU/maxresdefault.jpg,https://cdn.mos.cms.futurecdn.net/dGdLijL2acx9P2Ec7ca4NN-1200-80.jpg,https://shop.universalorlando.com/merchimages/content/jw3-amber-mobile-banner-600x300.jpg,https://www.denofgeek.com/wp-content/uploads/2022/06/Sam-Neill-and-Chris-Pratt-in-Jurassic-World-Dominion-Review-e1654658428972.jpeg?fit=1500%2C840,https://target.scene7.com/is/image/Target/GUEST_012ef4be-c5f1-40d8-8595-763439070f6e
27,https://m.media-amazon.com/images/M/MV5BYWJmNzRiMWEtNzk3Ni00OGU5LThlMDctYmJhMTA1YzEzNjY4XkEyXkFqcGdeQXVyMTM0NTUzNDIy._V1_.jpg,https://upload.wikimedia.org/wikipedia/en/8/8b/Hotel_Transylvania_Transformania.jpg,https://m.media-amazon.com/images/M/MV5BMTMyMWJiNTMtMWQ2NC00OTU3LWE5YjItM2MwOTEyZDQwOGIwXkEyXkFqcGdeQXVyMTkxNjUyNQ@@._V1_.jpg,https://static.wikia.nocookie.net/jhmoviecollection/images/c/cf/Hotel_Transylvania_Transformania_poster.jpg/revision/latest?cb=20210623151128,https://variety.com/wp-content/uploads/2022/01/Hotel-Transylvania-Transformania.jpg,https://deadline.com/wp-content/uploads/2022/03/transformania-china-poster.jpg,https://i.ytimg.com/vi/aVm4Groct7E/maxresdefault.jpg,https://media2.houstonpress.com/hou/imager/u/magnum/12684627/hou_art_20220114_htt_header.jpeg?cb=1642608419,https://m.media-amazon.com/images/M/MV5BZjA0NGU5YjItMjE0YS00OWI5LTg5M2QtYjBhYTFiZWJhNWNmXkEyXkFqcGdeQXVyMTkxNjUyNQ@@._V1_.jpg,https://www.murphysmultiverse.com/wp-content/uploads/2022/01/dslfjsdfsdlfsdfsf.jpg,https://m.media-amazon.com/images/M/MV5BNDRkYjgyOTMtZjgyMy00ZGRmLWJhZTktZGU0NTVlNzQ4YmEyXkEyXkFqcGdeQXNuZXNodQ@@._V1_.jpg,https://images-na.ssl-images-amazon.com/images/I/71iwxS0LgUS.jpg,https://play-lh.googleusercontent.com/proxy/QUlCegEGxCdwOCoqU1fJTk9TKf3KRPUBzZ5gXMWi2mNn5dE8gYUJoxaJqT-x-zmEaXQN0SgMRXgEfHe9JaqYMZWpi1bLxbcSEQgeExInR_tgim_VOv2tlEv5JDp2664MOp8hqBv7CbBIw165NVEJSZrXvQEQ-XsCNfyJeQ=w240-h480-rw,https://miro.medium.com/max/1200/1*m-grk-917mjecAFyHKyr8Q.jpeg,https://i.dawn.com/primary/2022/02/62198f3f0a276.jpg,https://cdn.mos.cms.futurecdn.net/aeaAcojrQbXAnRqKr42K63.jpg,https://i.ytimg.com/vi/7AP86CYeR30/sddefault.jpg,https://lookaside.fbsbx.com/lookaside/crawler/media/?media_id=318723759843519&get_thumbnail=1,https://s.yimg.com/uu/api/res/1.2/G60U9K.laH85qfOTWok8yA--~B/aD01NzY7dz0xMDI0O2FwcGlkPXl0YWNoeW9u/https://media.zenfs.com/en/thewrap.com/a8fa4a5ddcb5f4946b4f950464de4729,https://www.awn.com/sites/default/files/styles/original/public/image/featured/htl4_2021_fg_00006_rgb-1280.jpg?itok=034E6s0X
28,https://m.media-amazon.com/images/M/MV5BOWQ3MDg1MTgtMmI4ZC00YjU3LWIyZGEtNmRkNzI0Y2QyN2ExXkEyXkFqcGdeQXVyNzgzODI1OTE@._V1_FMjpg_UX1000_.jpg,https://m.media-amazon.com/images/M/MV5BZDVlOWUwNjYtNDkzMi00YjE1LWIxMTgtMDgxNTNjOTI0MWY4XkEyXkFqcGdeQXVyNDA1NDA2NTk@._V1_.jpg,https://m.media-amazon.com/images/M/MV5BMjAzOTQ5NjYzNF5BMl5BanBnXkFtZTgwNjc3NjAwNzE@._V1_FMjpg_UX1000_.jpg,https://m.media-amazon.com/images/M/MV5BNWRjZWJkMmUtZWY5ZC00ZThiLTg3NzgtODE4MGZiMmE4NjMyXkEyXkFqcGdeQXVyMTMzODk3NDU0._V1_.jpg,https://variety.com/wp-content/uploads/2022/02/the-contractor-.jpg,https://deadline.com/wp-content/uploads/2022/02/contractor.png,https://pisces.bbystatic.com/image2/BestBuy_US/images/products/6506/6506862_sd.jpg,https://assets-prd.ignimgs.com/2022/03/25/contractor-hero-1648242158205.jpg,https://m.media-amazon.com/images/I/8131yzoYIYL._SL1500_.jpg,https://www.hollywoodreporter.com/wp-content/uploads/2022/03/The-Contractor-Still-3-Publicity-H-2022.jpg,https://m.media-amazon.com/images/M/MV5BMTk1NTg3NDM0NF5BMl5BanBnXkFtZTgwNjMyNjcwMDE@._V1_.jpg,https://i.ytimg.com/vi/e7glvM8Xh0w/mqdefault.jpg,https://d.newsweek.com/en/full/2017265/contractor.png?w=1600&h=1600&q=88&f=7c264edb46f373174edbec012161bd1f,http://www.highonfilms.com/wp-content/uploads/2022/04/The-Contractor-2022-Movie-Ending-Explained-Ben-Foster-and-Chris-Pine.png,https://www.thewrap.com/wp-content/uploads/2022/02/pine.jpg,https://blogger.googleusercontent.com/img/b/R29vZ2xl/AVvXsEhElSqav0exg6Fvh3JFYeWz0UToVK9mBaQn-6ML1bhK5FA5rdKxW5yGp7oJdvqKsHrvVOy9_uR9sIIA14Cy0O0hytIBobzHEFpLZ-MoVOQU6iIgznsiygDf5_BLKtLKc8GytV9bBoqn9dD72fCwU_2xg8MjSdjdeELIes8iTqfLHBqt0iGPqK15fZDx/s1250/contractor%20sutherland.jpg,https://resizing.flixster.com/r84KGuxpTfcz-KEIkMKLDHOrSc8=/740x380/v2/https://statcdn.fandango.com/MPX/image/NBCU_Fandango/46/671/thumb_2FECBCE1-1CF1-48F3-8ECD-86304D0326F7.jpg,https://netflixlife.com/wp-content/uploads/getty-images/2022/03/1383695035.jpeg,https://images-na.ssl-images-amazon.com/images/I/71jUpiLZuGL._RI_.jpg,https://www.firstpost.com/wp-content/uploads/2022/04/chris-pine-640.jpg
29,https://m.media-amazon.com/images/M/MV5BZWE4ZWMwOTYtZDkyYi00NWEwLTgyNWYtNWNkNjhlMjBmZTJmXkEyXkFqcGdeQXVyMzQwMTY2Nzk@._V1_FMjpg_UX1000_.jpg,https://i.ytimg.com/vi/uPzyA1gMNsM/maxresdefault.jpg,https://static01.nyt.com/images/2022/04/15/arts/14dual-art/merlin_205155921_1e120c79-dab4-4dca-bb57-f1cc194d2bc5-videoSixteenByNine3000.jpg,https://m.media-amazon.com/images/M/MV5BMTU2MzU2MjEyNV5BMl5BanBnXkFtZTcwMzA0NzA2OQ@@._V1_FMjpg_UX1000_.jpg,https://cdn.vox-cdn.com/thumbor/v4lvqkLVRS8nlFpw8Rsv7FCGc-U=/1161x399:6048x3726/1200x675/filters:focal(3058x476:4024x1442)/cdn.vox-cdn.com/uploads/chorus_image/image/70755362/Knife.0.jpeg,https://assets-prd.ignimgs.com/2022/01/22/dual-blogroll-1642875365013.jpg,https://www.dualav.com/wp-content/uploads/2021/10/dual_logo.png,https://m.media-amazon.com/images/M/MV5BMDM4ZDliMTItNGU3NS00MjFiLTlkMzUtYjhkN2E2Njc4YzZhXkEyXkFqcGdeQWxiaWFtb250._V1_.jpg,https://variety.com/wp-content/uploads/2022/01/Dual.jpg?w=1000,https://www.hollywoodreporter.com/wp-content/uploads/2022/01/Dual-1-Sundance-Film-Festival-Publicity-H-2022.jpg,https://play-lh.googleusercontent.com/7Q3acwhjEM8VFD_6BVZrKL1g5Y0eFYhzbJGd1EOtL6OvmKlCzjmgzxh4HS6GXb6CwA,https://m.media-amazon.com/images/M/MV5BMWZjY2E3MmQtNzBlMC00MzFlLWE5MjYtMDQ5YjIxNDI0NGRjXkEyXkFqcGdeQXVyMzQwMTY2Nzk@._V1_.jpg,https://play-lh.googleusercontent.com/pFc_Ut1sMVPKmDrgS9NjQammKMReGEk0yn4K6NZDsxzy-Fn43G0Xi0I0uvOHCGAhu7M,https://m.media-amazon.com/images/M/MV5BOTBmZTlhOTYtY2RkYS00NzkwLWE5MzEtYmU0MjBmMWQ0YzMzXkEyXkFqcGdeQXVyMzQwMTY2Nzk@._V1_.jpg,https://www.grammar-monster.com/easily_confused/pics/dual_or_duel.png,https://i1.sndcdn.com/avatars-000668880938-p7zm2t-t240x240.jpg,https://hips.hearstapps.com/hmg-prod/images/karen-gillan-dual-trailer-1648723048.jpg,https://i.ytimg.com/vi/wDXq3BHqYlI/maxresdefault.jpg,https://www.admissions.uga.edu/wp-content/uploads/2019/07/dual_logo.jpeg.gif,https://upload.wikimedia.org/wikipedia/commons/c/c9/Dual_Universe.png
30,https://upload.wikimedia.org/wikipedia/commons/thumb/5/58/Memory.gif/1200px-Memory.gif,https://cdn.psychologytoday.com/sites/default/files/styles/article-inline-half/public/field_blog_entry_images/1369847707_4085_memory-1.jpg?itok=aZRKeJXR,https://cdn.vox-cdn.com/thumbor/qvJ_PVw2Ppnemy8hxFU2U3RojK0=/1400x0/filters:no_upscale()/cdn.vox-cdn.com/uploads/chorus_asset/file/23165626/memory2final.jpg,https://media-cldnry.s-nbcnews.com/image/upload/newscms/2018_24/2462811/180612-memory-ideas-tricks-devices-ac-451p.jpg,https://m.media-amazon.com/images/M/MV5BOGI5N2FhNzktZjZlNi00MmRjLWE1MmUtNjRlNzQyOGMzYjNhXkEyXkFqcGdeQXVyMDA4NzMyOA@@._V1_FMjpg_UX1000_.jpg,https://static01.nyt.com/images/2022/07/19/well/05Well-BetterMemory/05Well-BetterMemory-mobileMasterAt3x.jpg,https://www.smartbrainsolutions.com/wp-content/uploads/2017/07/brainmemorysm.jpg,https://e5hougg55fx.exactdn.com/wp-content/uploads/2020/07/3-Stages-of-Memory-Feature-Image.jpg?strip=all&lossy=1&quality=60&resize=350%2C350&ssl=1,https://images.theconversation.com/files/94849/original/image-20150915-29607-onz075.jpg?ixlib=rb-1.1.0&q=45&auto=format&w=926&fit=clip,https://images.ctfassets.net/cnu0m8re1exe/uTkqQAbjpnnpceaY9UzLE/2d49aaee28ca31631c33a02ff89b437c/brainresearch.jpg?fm=jpg&fl=progressive&w=660&h=433&fit=fill,https://neurosciencenews.com/files/2021/03/memory-storage-neurosciecnews.jpeg,https://www.hopkinsmedicine.org/-/media/images/health/3_-wellness/aging-well/memory-hero.ashx?h=500&iar=0&mh=500&mw=1300&w=1297&hash=2A66F14D12D168C3D6FCF486632A4FEE,https://2rdnmg1qbg403gumla1v9i2h-wpengine.netdna-ssl.com/wp-content/uploads/sites/3/2012/06/menopauseMemory-1171064351-770x553-1-650x428.jpg,https://s3.amazonaws.com/cms.ipressroom.com/173/files/20224/628d7b642cfac26df404d2cc_Silva-Memory+2/Silva-Memory+2_270099ff-62d2-445d-b072-3d0a731e4c49-prv.jpg,https://www.verywellmind.com/thmb/tORJkCdCFMMHpgNzrNrdXMq1GGE=/2124x1413/filters:no_upscale():max_bytes(150000):strip_icc()/171357703-56a792f23df78cf772974690.jpg,https://images.indianexpress.com/2018/03/is_ts_1200-e1511442640230.jpg,https://easyscienceforkids.com/wp-content/uploads/2018/04/Memory-facts-18-4-1-758x635.jpg,https://public-images.interaction-design.org/literature/articles/heros/56d2f1d5e2c0a.jpg,https://eslbrains.com/wp-content/uploads/2020/10/memory.png,https://cdn.mos.cms.futurecdn.net/xeumg9EDmqGW4Pow7S8yK8-320-80.jpg
31,https://m.media-amazon.com/images/M/MV5BODFjMmVmN2YtOTc5Yy00YWM0LTg0N2ItZDJiNTU5MWMyMDVlXkEyXkFqcGdeQXVyMTkxNjUyNQ@@._V1_FMjpg_UX1000_.jpg,https://i.ytimg.com/vi/TWGvntl9itE/maxresdefault.jpg,https://m.media-amazon.com/images/M/MV5BY2IxNzIzZDgtODA2Yi00ODNlLTg1NTItNjc3YWU0NGVmOGM0XkEyXkFqcGdeQWFybm8@._V1_.jpg,https://www.indiewire.com/wp-content/uploads/2022/05/three-thousand-years-of-longing-TTYOL_SP05_g011.0448832_R_rgb-e1653084680482.jpg,https://m.media-amazon.com/images/M/MV5BYWRiMzM3MjMtZDg2NC00OGQ2LThkMWUtOTUxYjYwZjgyYWY1XkEyXkFqcGdeQXVyMTU1MjU1NDc@._V1_.jpg,https://dx35vtwkllhj9.cloudfront.net/united-artists-releasing/three-thousand-years-of-longing/images/regions/us/share.png,https://deadline.com/wp-content/uploads/2022/05/Three-Thousand-Years-Of-Longing-1.jpg,https://images.indianexpress.com/2022/05/Three-Thousand-Years-of-Longing-1200.jpg,https://www.fsm-media.com/wp-content/uploads/2022/05/282746486_550058430089934_5937005018131603651_n-1024x449.jpg,https://images.squarespace-cdn.com/content/v1/5bbcad0f2727be3646b9fee1/9739b7ee-08f5-4698-9c84-8b6f7402122a/803D5308-A718-4011-B28A-A8D46EB8A53B.jpeg,https://assets1.ignimgs.com/thumbs/userUploaded/2022/5/20/3kyearslongingthumb-1653077644839.jpg,https://www.indiewire.com/wp-content/uploads/2022/05/Three.png,https://variety.com/wp-content/uploads/2022/05/THREE-THOUSAND-YEARS-OF-LONGING-2.jpg,https://www.joblo.com/wp-content/uploads/2022/05/three-thousand-years-of-longing-teaser-1.jpg,https://static1.colliderimages.com/wordpress/wp-content/uploads/2022/05/three-thousand-years-of-longing-5.jpg,https://imgix.bustle.com/uploads/image/2022/5/20/53a135f3-ad32-4eaf-b05f-2d1ddc27a5f2-screen-shot-2022-05-20-at-35121-pm.png?w=1200&h=630&fit=crop&crop=faces&fm=jpg,https://cdn.theplaylist.net/wp-content/uploads/2022/03/14170114/CANNES-MILLER_THREE-THOUSAND-YEARS-OF-LONGING_.jpg,https://www.indiewire.com/wp-content/uploads/2022/05/Screen-Shot-2022-05-20-at-12.24.53-PM.png,https://deadline.com/wp-content/uploads/2020/12/Tilda-Swinton-Idris-Elba-George-Miller.jpg?w=1000,https://i.dailymail.co.uk/1s/2021/03/20/09/40711040-0-image-a-33_1616232778796.jpg
32,https://m.media-amazon.com/images/M/MV5BNTE1M2NjNDgtYjQ2Ny00YTMzLWJiYWQtMTdmM2Q2YjA1MDg1XkEyXkFqcGdeQXVyODk4OTc3MTY@._V1_.jpg,"https://m.media-amazon.com/images/M/MV5BMjc3Y2MwOTktMDhiYS00YTBkLThjZGQtOGUyZWIyMTE5MDY2XkEyXkFqcGdeQXRyYW5zY29kZS13b3JrZmxvdw@@._V1_QL75_UX500_CR0,0,500,281_.jpg",https://i.ytimg.com/vi/h0zqe_As_qo/maxresdefault.jpg,https://www.thewrap.com/wp-content/uploads/2022/03/deep-water-jacob-elordi.jpg,https://www.denofgeek.com/wp-content/uploads/2022/03/deep-water-ben-affleck-ana-de-armas.jpg?fit=3098%2C1750,https://i.ytimg.com/vi/0SDoUOBCAAI/maxresdefault.jpg,https://img2.hulu.com/user/v3/artwork/2c4ae82e-2c1b-41d5-a651-82189d1c8b2c?base_image_bucket_name=image_manager&base_image=ea120849-e5a2-496c-a636-ef00832825d9&region=US&format=jpeg&size=952x536,https://resizing.flixster.com/AKsZfKFcpKG82TwgvMgjvuEJv5s=/300x300/v2/https://flxt.tmsimg.com/assets/p17220633_b_v13_ac.jpg,https://i0.wp.com/ravemotionpictures.com/wp-content/uploads/2022/03/Deep-Water-2.jpeg?fit=767%2C384&ssl=1,https://ec.europa.eu/research-and-innovation/sites/default/files/hm/field/image/Blue%20planet.jpg,https://cdn.vox-cdn.com/thumbor/NAwzdQnY1j7WzSXL-gy00GToiVA=/1400x1400/filters:format(jpeg)/cdn.vox-cdn.com/uploads/chorus_asset/file/23327428/DF_13182_R.jpg,http://d25l9b71i7ynxv.cloudfront.net/wp-content/uploads/2022/03/deep-water-3.jpg,https://images.indianexpress.com/2022/03/Deep-Water-1200by667.jpg,https://m.media-amazon.com/images/I/61eGpoytYtS._SY550_.jpg,https://cdn-www.comingsoon.net/assets/uploads/2021/12/affleckarmas.jpg,https://d28hgpri8am2if.cloudfront.net/book_images/onix/cvr9781982170363/deep-water-9781982170363_hr.jpg,https://i.ytimg.com/vi/90JsrQwE5CA/mqdefault.jpg,https://static01.nyt.com/images/2022/03/18/arts/deepwater1/deepwater1-mediumSquareAt3X.jpg,https://m.media-amazon.com/images/I/81O3a1Vd9LL._SL1500_.jpg,https://www.liveforfilm.com/wp-content/uploads/2022/02/deep_water_xlg.jpg
33,https://m.media-amazon.com/images/M/MV5BNzk4MDZhNTctMDA3OC00ODdkLWIyOWYtN2M0MzA3MDY5NDk1XkEyXkFqcGdeQXVyMTkxNjUyNQ@@._V1_FMjpg_UX1000_.jpg,https://m.media-amazon.com/images/M/MV5BMjM4MzUwMDYtNTZlNS00NTMxLTg1ZDQtNDFkOTBiMTg2MzBmXkEyXkFqcGdeQXVyMDA4NzMyOA@@._V1_.jpg,https://m.media-amazon.com/images/M/MV5BNjRjMjk1MTItZGRjOC00NDhmLWExMTItY2Y4YTI2MGNmNTlkXkEyXkFqcGdeQXVyMTA3MDk2NDg2._V1_.jpg,https://dx35vtwkllhj9.cloudfront.net/universalstudios/355/images/regions/us/share-feb21.png,https://i.ytimg.com/vi/SV0s2S9reT0/mqdefault.jpg,https://m.media-amazon.com/images/M/MV5BZDgyYjEwNjgtZjczOC00M2E5LWJkOTUtYTIxM2FhOGMwYTE5XkEyXkFqcGdeQXNuZXNodQ@@._V1_.jpg,"https://imageio.forbes.com/specials-images/imageserve/61d70b04834748dc6f034ea8/poster-and-images-from--The-355-/0x0.jpg?format=jpg&crop=1280,720,x0,y0,safe&width=960",https://www.themoviedb.org/t/p/w780/8pgKccb5PfE1kWB9qqiXJem83VC.jpg,https://m.media-amazon.com/images/I/71JabJgzvRL._SY445_.jpg,https://assets-prd.ignimgs.com/2020/10/06/three-five-five-button-1602011140881.jpg,https://i.ytimg.com/vi/xugboHXcG94/maxresdefault.jpg,https://hips.hearstapps.com/hmg-prod.s3.amazonaws.com/images/hbz-355-index-1601941094.jpg,https://static01.nyt.com/images/2022/01/06/multimedia/06three-fifty-five-review/06three-fifty-five-review-superJumbo.jpg,https://m.media-amazon.com/images/I/71TDN34vcGL._SL1500_.jpg,https://catholicnews.com/wp-content/uploads/custom/20220106T1115-MOVIE-REVIEW-THE-355-1515240.jpg,"https://images2.minutemediacdn.com/image/fetch/w_736,h_485,c_fill,g_auto,f_auto/https%3A%2F%2Fhiddenremote.com%2Ffiles%2F2022%2F01%2Fthe-355-355_Adv1Sht2_RGB_1_rgb-850x560.jpg",https://wealthofgeeks.com/wp-content/uploads/2022/01/the-355-jessica-chastain-sebastian-stan.jpeg,https://www.hollywoodreporter.com/wp-content/uploads/2018/05/jc.jpg,https://i.dailymail.co.uk/1s/2021/12/05/16/51356451-10272903-Universal_Pictures_global_action_film_The_355_will_be_hitting_ci-a-5_1638720111841.jpg,https://m.media-amazon.com/images/M/MV5BNzNhOTdlMDItMzRjYy00NTY2LTgxZWUtZDEyMTA4OThlMTRjXkEyXkFqcGdeQWFybm8@._V1_.jpg
34,https://m.media-amazon.com/images/M/MV5BMGNkOTI5OTgtZGM0Yi00ZmExLTgzMzctMDkxMDk4MjE4ZTZmXkEyXkFqcGdeQXVyMTAzMDg4NzU0._V1_.jpg,https://ychef.files.bbci.co.uk/976x549/p0c92wf2.jpg,https://m.media-amazon.com/images/M/MV5BMzVkMjAzNTMtMTY4ZC00Y2QwLTlkNTgtY2IwMDk2NzYzMDUzXkEyXkFqcGdeQXVyNDY5NTQyMDU@._V1_.jpg,https://www.thewrap.com/wp-content/uploads/2020/02/The-Stars-at-Noon-Claire-Denis-Robert-Pattinson-Margaret-Qualley.jpg,https://deadline.com/wp-content/uploads/2020/02/claire-denis-robert-pattinson-margaret-qualley.jpg?w=1000,https://resizing.flixster.com/OEoIaqlVTdqWz0tcPWgEoDBd3Cg=/300x300/v2/https://resizing.flixster.com/kV-1N7SuX7iPgR30DwQdmQy98Bo=/ems.cHJkLWVtcy1hc3NldHMvbW92aWVzLzBhMWQ2ODhiLTdiOGEtNGZhZS04ZTFiLWQwMGY3M2Q1MjhmYy5wbmc=,https://resize-media.festival-cannes.com/fit-in/334x210/media_image_simple/0002/76/5ed7ced20ef382cc13d87bfdf494945d75419f16.jpeg,https://www.cineuropa.org/Galleries/426/035/photo2022-05-22-festival-cannes-Stars-at-noon-Claire-Denis-01.jpg?1653609630038,https://m.media-amazon.com/images/M/MV5BMzE1MDNjMmEtODNkNi00YmUzLTg3NzctYmY3ZjM2MTQ2MjM2XkEyXkFqcGdeQXVyMTAxODQ2NDU1._V1_.jpg,https://thefilmstage.com/wp-content/uploads/2022/05/Stars-at-Noon.jpg,https://upload.wikimedia.org/wikipedia/en/7/7e/The_Stars_at_Noon_%28Denis_Johnson%29.png,"https://m.media-amazon.com/images/M/MV5BMGNkOTI5OTgtZGM0Yi00ZmExLTgzMzctMDkxMDk4MjE4ZTZmXkEyXkFqcGdeQXVyMTAzMDg4NzU0._V1_QL75_UY281_CR242,0,190,281_.jpg",https://www.cineuropa.org/Galleries/426/035/photo2022-05-22-festival-cannes-Stars-at-noon-Claire-Denis-11.jpg?1653609656569,https://i.gr-assets.com/images/S/compressed.photo.goodreads.com/books/1388850290l/9908.jpg,https://variety.com/wp-content/uploads/2020/02/robert-pattinson-margaret-qualley.jpg?w=1000,https://m.media-amazon.com/images/I/510DCYZYLWL.jpg,https://a.ltrbxd.com/resized/film-poster/5/3/0/3/9/7/530397-the-stars-at-noon-0-230-0-345-crop.jpg?k=9770c9d8bc,https://womenandhollywood.com/wp-content/uploads/2020/02/margqualley-1024x682.jpg,https://imgix.bustle.com/uploads/image/2021/11/3/5be48d53-5b77-4023-9b33-8e52c896987c-clairedenis.jpeg?w=653&fit=crop&crop=faces&auto=format%2Ccompress,https://www.cineuropa.org/Galleries/426/035/photo2022-05-22-festival-cannes-Stars-at-noon-Claire-Denis-26-JOE-ALWYN-MARGARET-QUALLEY.jpg?1653609704741
35,https://m.media-amazon.com/images/M/MV5BZjk0OWZiN2ItNmQ2YS00NTJmLTg0MjItNzM4NzBkMWM1ZTRlXkEyXkFqcGdeQXVyMjMxOTE0ODA@._V1_.jpg,https://m.media-amazon.com/images/M/MV5BMmVkMDhiYjgtNjQxMC00NzA4LWFmYTAtNTgxODc3MDQxMjk4XkEyXkFqcGdeQXVyMTA3MDk2NDg2._V1_.jpg,https://lionsgate.brightspotcdn.com/99/bb/7a9190fb4a88887c221a242af617/moonfall-bg-own.jpg,https://m.media-amazon.com/images/I/810S-PUvhuL._SL1500_.jpg,https://play-lh.googleusercontent.com/nJSKBnz17qq2A7OjYfJXRwVqa2Ipnn_aG1HhgtCxMaZNMVT5R2t4A8Ef7OQGXVubvsyMrLrnFv1fLHrnet4,https://imageio.forbes.com/specials-images/imageserve/61e845a6955537c1ebec0b89/-Moonfall--IMAX-poster/0x0.jpg?format=jpg&width=960,https://m.media-amazon.com/images/M/MV5BYjkwNzJmZTItOThkYi00Zjc0LTllMDAtYzQ0MWNhM2UxMGI1XkEyXkFqcGdeQXVyMTA3MDk2NDg2._V1_.jpg,https://target.scene7.com/is/image/Target/GUEST_97a04972-a284-407b-914b-1fa6f8c0dff0?wid=488&hei=488&fmt=pjpeg,https://assets-prd.ignimgs.com/2022/01/06/moonfall-ver2-button-1641507893009.jpg,https://media.newyorker.com/photos/61fd8ca49fdd6bf5a011b35c/master/pass/Brody-Moonfall-Review.jpg,https://alkony.enerla.net/images/film/Moonfall-2022-1.jpg,https://upload.wikimedia.org/wikipedia/en/thumb/6/62/MoonfallMcDevittCover.jpg/220px-MoonfallMcDevittCover.jpg,https://d2favcmz4lf91v.cloudfront.net/wp-content/uploads/2022/02/moonfall_teaser_trailer_bg_v2.jpg,https://cdn.vox-cdn.com/thumbor/-78zK0wOzwBGYRRoOlsYvlKs4HY=/0x0:2048x1080/1200x675/filters:focal(861x377:1187x703)/cdn.vox-cdn.com/uploads/chorus_image/image/70467450/6_moonfall_first_look.0.jpg,https://i.guim.co.uk/img/media/557c0555b8c95cf4ee9e2ba22d853ae52f1c1f8c/124_0_1799_1080/master/1799.jpg?width=1200&height=900&quality=85&auto=format&fit=crop&s=9f31c13e3d737e39b27341f7071b8113,https://www.upressonline.com/wp-content/uploads/2022/02/Moonfall-Poster-Shows-a-Crashing-Moon-in-Roland-Emmerichs-Disaster-Epic.png,https://i.ytimg.com/vi/vqutZDWoBbU/maxresdefault.jpg,https://m.media-amazon.com/images/M/MV5BMGZlYzk4MGQtZGVkYy00ZGM4LWI4N2QtYTMwNThlOTk0NTY5XkEyXkFqcGdeQXVyMTA3MDk2NDg2._V1_.jpg,https://legendary-digital-network-assets.s3.amazonaws.com/wp-content/uploads/2022/04/26060430/20220425_nerdistremix_moonfall90s_1920x1080_v6.jpg,https://www.themoviedb.org/t/p/w250_and_h141_face/8QpzqK3nPGxpqpKqhe6QasTGBWQ.jpg
36,https://upload.wikimedia.org/wikipedia/en/thumb/2/2f/Morbius_%28film%29_poster.jpg/220px-Morbius_%28film%29_poster.jpg,https://www.sonypictures.com/sites/default/files/styles/max_560x840/public/title-key-art/morbius_onesheet_1400x2100_he.jpg?itok=-jQVkWIe,https://m.media-amazon.com/images/M/MV5BNzZhYThmOTAtMzJkNi00MjQ0LWE0ZWItYzRhZWU5Njc3ZmFkXkEyXkFqcGdeQWpnYW1i._V1_.jpg,https://m.media-amazon.com/images/M/MV5BNTA3N2Q0ZTAtODJjNy00MmQzLWJlMmItOGFmNDI0ODgxN2QwXkEyXkFqcGdeQXVyMTM0NTUzNDIy._V1_FMjpg_UX1000_.jpg,https://cdn.vox-cdn.com/thumbor/O0cMQv7JbBeXfzfeRWmJkyi0Wt4=/1400x1050/filters:format(jpeg)/cdn.vox-cdn.com/uploads/chorus_asset/file/23356402/MORBIUS_Trailer_02_cp.jpg,https://bloody-disgusting.com/wp-content/uploads/2020/01/Blade-Morbius-Banner.jpg,https://m.media-amazon.com/images/M/MV5BNmI5Njg1OWYtM2EyMy00NzU5LTgyNGItZGJlNjZhZDI4NjhhXkEyXkFqcGdeQWRvb2xpbmhk._V1_.jpg,https://upload.wikimedia.org/wikipedia/en/4/4b/Morbius_The_Living_Vampire_Vol_2_1.png,https://www.denofgeek.com/wp-content/uploads/2022/03/Jared-Leto-in-Morbius-Review.jpeg?fit=1500%2C844,https://variety.com/wp-content/uploads/2021/09/Screen-Shot-2021-09-29-at-10.57.33-AM-e1648586859870.png?w=681&h=383&crop=1,https://imageio.forbes.com/specials-images/imageserve/6245055db8232812e41e1771/Michael-Morbius--transformed/960x0.jpg?format=jpg&width=960,https://i.annihil.us/u/prod/marvel/i/mg/2/20/5e67bea5a1cdd/clean.jpg,https://static.wikia.nocookie.net/marveldatabase/images/a/ae/Michael_Morbius_%28Earth-2149%29_from_Marvel_Zombies_3_Vol_1_1_001.png/revision/latest?cb=20191208092045,https://images-na.ssl-images-amazon.com/images/I/61q47BWw1NL.jpg,https://images.thedirect.com/media/article_full/morbius-jared-leto-movie.jpg,https://variety.com/wp-content/uploads/2022/04/Morbius-2.jpg?w=1024,https://www.thedigitalfix.com/wp-content/uploads/2022/03/morbius-review.jpg,"https://dynaimage.cdn.cnn.com/cnn/c_fill,g_auto,w_1200,h_675,ar_16:9/https%3A%2F%2Fcdn.cnn.com%2Fcnnnext%2Fdam%2Fassets%2F200114083018-jared-leto-morbius-screengrab.jpg",https://imagesvc.meredithcorp.io/v3/mm/image?url=https%3A%2F%2Fstatic.onecms.io%2Fwp-content%2Fuploads%2Fsites%2F6%2F2019%2F03%2Fjaredleto-2000.jpg&q=60,https://m.media-amazon.com/images/I/81+NjI7v2NL._SL1500_.jpg
37,https://m.media-amazon.com/images/M/MV5BMTU1MzY2NDc2MV5BMl5BanBnXkFtZTgwMTc3MTUzMzI@._V1_.jpg,https://m.media-amazon.com/images/M/MV5BMDU4Yzk1NmUtNDU4OC00YzVmLTgwOTUtYTY2NjNmMjY5YjVmXkEyXkFqcGdeQXVyMTQxNzMzNDI@._V1_.jpg,https://www.slantmagazine.com/wp-content/uploads/2018/10/texaschainsawmassacre.jpg,https://m.media-amazon.com/images/M/MV5BMDNjNTg3MWUtNjUxNi00MzYxLWJmODctNTg0ZmI1Zjc2Y2Q0XkEyXkFqcGdeQXVyMTQxNzMzNDI@._V1_.jpg,https://i.guim.co.uk/img/media/c4d5c855d5d2bdef5d315d0314f30608ae40c5ae/169_237_3788_2272/master/3788.jpg?width=1200&height=1200&quality=85&auto=format&fit=crop&s=d310f4ae83f633281b3f3d71102429e5,https://m.media-amazon.com/images/M/MV5BZDg2NDJkOGYtMjM3My00Mzc2LWJiYjktODFlMzBjNmQwMTEyXkEyXkFqcGdeQXVyMTQxNzMzNDI@._V1_.jpg,https://i.guim.co.uk/img/static/sys-images/Arts/Arts_/Pictures/2014/10/27/1414406526803/The-Texas-Chainsaw-Massac-012.jpg?width=700&quality=85&auto=format&fit=max&s=dd395180264a8144b4f1005b6f18a0ba,https://pisces.bbystatic.com/image2/BestBuy_US/images/products/6252/6252365_so.jpg,https://www.nme.com/wp-content/uploads/2021/03/texas-chainsaw-massacre.jpg,https://resizing.flixster.com/FBEcG1pSDPujuqw78y2ldNSkZHo=/ems.cHJkLWVtcy1hc3NldHMvbW92aWVzL2ZjMDcyMmZjLTM1ZjgtNDJhOC1iZmUwLWNlYjI5NmE4OWVlNy53ZWJw,https://www.thedigitalfix.com/wp-content/uploads/2022/02/texas-chainsaw-massacre-true-story.jpg,https://variety.com/wp-content/uploads/2022/02/MSDTECH_EC006.jpg,https://www.denofgeek.com/wp-content/uploads/2017/11/chainsaw-main.jpg?fit=1024%2C781,https://hips.hearstapps.com/hmg-prod.s3.amazonaws.com/images/tcm-d08-01258-r-jpg-1645194574.jpg,https://musicart.xboxlive.com/7/2d8c0600-0000-0000-0000-000000000002/504/image.jpg?w=1920&h=1080,https://www.thewrap.com/wp-content/uploads/2022/02/Texas-Chain-Saw-Massacre-936x527.jpg,https://m.media-amazon.com/images/I/81a8jQhsBoL._AC_UX679_.jpg,https://previewsworld.com/SiteImage/MainImage/STL240429.jpg,https://www.pluggedin.com/wp-content/uploads/2019/12/the-texas-chainsaw-massacre-the-beginning-1024x676.jpg,https://m.media-amazon.com/images/I/71fVIO+R-IL._SL1027_.jpg
38,https://poltronanerd.com.br/wp-content/uploads/2022/01/blacklight_xlg.jpg,https://m.media-amazon.com/images/I/71iGSyb7yeL._AC_SY355_.jpg,https://imgs.ponto.com.br/1524785866/1xg.jpg?imwidth=500,https://upload.wikimedia.org/wikipedia/commons/7/7c/BlackLightBulb4300ppx2.jpg,https://m.media-amazon.com/images/I/71dBxtOW-WL.jpg,https://uploads.metropoles.com/wp-content/uploads/2022/01/04204157/liam-neeson-blacklight.jpg,https://i.ytimg.com/vi/CxPfNpxHd4c/maxresdefault.jpg,https://s2.glbimg.com/BbBbdF-SrzTvq9X1e1vMav9YZh4=/0x0:620x349/984x0/smart/filters:strip_icc()/i.s3.glbimg.com/v1/AUTH_08fbf48bc0524877943fe86e43087e7a/internal_photos/bs/2021/a/A/UJLqyeSDaXTs3yqF1xNQ/2013-06-28-blacklight-retribution-chegara-ao-playstation-4-no-final-do-ano.jpg,https://thumbs.static-thomann.de/thumb/padthumb600x600/pics/bdb/371955/10901832_800.jpg,https://m.media-amazon.com/images/I/61PpNAfrG0L._AC_SS450_.jpg,https://i.ytimg.com/vi/d4K9Rzy2_DA/maxresdefault.jpg,https://upload.wikimedia.org/wikipedia/commons/thumb/6/67/Two_black_light_lamps.jpg/1200px-Two_black_light_lamps.jpg,https://cdn.shopify.com/s/files/1/0273/0351/0069/products/35-20000-002_TT-FL0002-03.jpg?v=1632651074,https://meups.com.br/wp-content/uploads/2019/02/Blacklight-Retribution.jpg,https://m.media-amazon.com/images/I/714n2LxCbNL._SL1500_.jpg,https://media.istockphoto.com/photos/neon-glow-blacklight-disco-party-night-picture-id532774673,https://www.thefilmik.com/wp-content/uploads/2022/02/BlackLight-Movie-.webp,https://i5.walmartimages.com/asr/7e92a023-e6ba-4d81-94bf-c5ba69f23032_1.2d48ccb3f64e42342e32aeaeaca54472.jpeg,https://downtownfortcollins.com/wp-content/uploads/2022/03/blacklight-blossoms-aglow-tv.jpg,https://i.ytimg.com/vi/k_N9pU4FMOs/maxresdefault.jpg
39,https://m.media-amazon.com/images/M/MV5BOTliNGNhZjktY2Q3NS00ODZmLWFlYzMtM2U2M2M5OTcyNTI0XkEyXkFqcGdeQXVyMDM2NDM2MQ@@._V1_.jpg,https://m.media-amazon.com/images/M/MV5BNzFiZTQ4ZjQtNjgyZi00Yjc0LWI2Y2YtNjk0YzM3NWEwYjYzXkEyXkFqcGdeQXVyMTQxNzMzNDI@._V1_.jpg,https://m.media-amazon.com/images/I/91bpSpXVOrL._SL1500_.jpg,https://i.ytimg.com/vi/59MJfJPP5eo/maxresdefault.jpg,https://static01.nyt.com/images/2022/05/13/arts/13firestarter/13firestarter-mediumSquareAt3X.jpg,https://i.ytimg.com/vi/xSJHKegab_I/movieposter_en.jpg,https://www.nme.com/wp-content/uploads/2019/03/Keth-Flint-696x442.jpg,https://cdn.vox-cdn.com/thumbor/JciqSshoCIJqS6ZtT0qp9kvxct8=/3x0:1097x729/1200x800/filters:focal(3x0:1097x729)/cdn.vox-cdn.com/assets/3860093/prodigy-video.jpg,https://catholicnews.com/wp-content/uploads/custom/20220513T1203-MOVIE-REVIEW-FIRESTARTER-1690957.jpg,"https://www.rollingstone.com/wp-content/uploads/2022/05/2544_D028_00194c.jpg?resize=1800,1200&w=450",https://www.denofgeek.com/wp-content/uploads/2020/09/zac-efron-greatest-showman-drew-barrymore-firestarter-fox-universal.jpg?fit=1200%2C680,https://cdn.shopify.com/s/files/1/0693/4223/products/sbr308-firestarter-1800_740x.jpg?v=1650306464,https://i.ytimg.com/vi/59MJfJPP5eo/hqdefault.jpg,https://cdn.mos.cms.futurecdn.net/Xetu9QeMmMKoUFLxnmDtEM-1200-80.jpg,https://www.thewrap.com/wp-content/uploads/2022/05/firestarter-zac-efron-936x527.jpg,https://target.scene7.com/is/image/Target/GUEST_7075d33e-d91a-4cec-b55c-9c61ab4e58ab?wid=488&hei=488&fmt=pjpeg,https://upload.wikimedia.org/wikipedia/en/2/25/Firestarter_novel.jpg,https://www.cleveland.com/resizer/DQKTs8MV4C_Zbdma4x8Hmj758og=/1280x0/smart/cloudfront-us-east-1.images.arcpublishing.com/advancelocal/DUKNOJTQFZC3VML5DTNVVY2YMM.jpg,https://variety.com/wp-content/uploads/2022/05/Fire-Starter-Zac-Efron.jpg?w=681&h=383&crop=1,https://decider.com/wp-content/uploads/2022/05/STREAMIN-KING-FIRESTARTER-2022-.jpg?quality=75&strip=all
40,"https://lumiere-a.akamaihd.net/v1/images/pp_lightyear_herobanner_mobile_v2_22043_48d47fc7.jpeg?region=0,0,640,480",https://upload.wikimedia.org/wikipedia/en/f/f9/Lightyear_%28film%29_poster.jpg,https://m.media-amazon.com/images/M/MV5BNzRmYTUwYTgtOWViMS00MWRkLTkyMGEtYjc5M2I3YTYxYWUzXkEyXkFqcGdeQXVyMTQyMTMwOTk0._V1_.jpg,https://lumiere-a.akamaihd.net/v1/images/p_disney_lightyear_519_c4636841.jpeg,"https://www.rollingstone.com/wp-content/uploads/2022/06/LIGHTYEAR-ONLINE-USE-b391_51e_pub.pub16.384c.jpg?resize=1800,1200&w=450",https://ichef.bbci.co.uk/news/976/cpsprodpb/4005/production/_125398361_buzz1.jpg,https://resizing.flixster.com/237vh0it1m-T5ZYWLOWtwM5x02E=/ems.cHJkLWVtcy1hc3NldHMvbW92aWVzLzRkODY5ODJkLTIxY2QtNGI3Yy1iYmVhLTdmNmZiZmI1OTVjNC5qcGc=,https://images-na.ssl-images-amazon.com/images/I/81qCIC-v0lL.jpg,https://media1.popsugar-assets.com/files/thumbor/Gt88ci2_BzAHGpI30HgOJ0yJX_c/fit-in/2048xorig/filters:format_auto-!!-:strip_icc-!!-/2022/02/18/046/n/48559432/tmp_4Jidgl_a07f3c1a97539ad1_MCDLIGH_WD007.jpg,https://techinkers.com/wp-content/uploads/2022/08/Lightyear-The-First-Pixar-Film-On-Disney-Plus.jpg,https://m.media-amazon.com/images/M/MV5BZjk5MzMwMWUtNmMwYS00NzE0LWJiNzctMTYxODVkMWI0ZjQ4XkEyXkFqcGdeQXVyMTA3MDk2NDg2._V1_.jpg,https://static.dw.com/image/62114338_303.jpg,https://www.indiewire.com/wp-content/uploads/2021/10/Screen-Shot-2021-10-27-at-8.51.44-AM.png,https://cdn.eventcinemas.com.au/cdn/resources/movies/15664/images/largeposter.jpg,https://sm.ign.com/ign_ap/news/l/lightyear-/lightyear-gets-disney-plus-streaming-release-date_11b6.jpg,https://phantom-marca.unidadeditorial.es/766335f49ad80b32008ea5fdc6c66da6/resize/1320/f/jpg/assets/multimedia/imagenes/2022/06/20/16557009543558.jpg,https://www.gannett-cdn.com/presto/2022/07/05/USAT/123d4233-1e5b-4030-a5f0-8fd6ac7e4fef-1241287298.jpg,https://prod-ripcut-delivery.disney-plus.net/v1/variant/disney/A7763F4DE54DFF4035B68552B89F40FB95FF8C0347DEE5CB1FD784A03DCF57D9/scale?width=1200&aspectRatio=1.78&format=jpeg,https://ak.uecdn.es/p/110/thumbnail/entry_id/0_s93mg0uu/width/1200/type/2/bgcolor/000000/0_s93mg0uu.jpg,https://deadline.com/wp-content/uploads/2045/06/LIGHTYEAR.jpg
41,https://upload.wikimedia.org/wikipedia/en/thumb/0/0f/The_Ice_Age_Adventures_of_Buck_Wild.jpg/220px-The_Ice_Age_Adventures_of_Buck_Wild.jpg,https://static01.nyt.com/images/2022/01/28/arts/buck1/merlin_200631588_dff0acac-add7-4100-85c9-a22c861fd4a2-articleLarge.jpg?quality=75&auto=webp&disable=upscale,https://static.wikia.nocookie.net/iceage/images/4/41/Adventures_of_Buck_Wild_Poster_%28Dec_1_2021%29.jpg/revision/latest?cb=20211202152014,https://lumiere-a.akamaihd.net/v1/images/g_disney_theiceageadventuresofbuckwild_herd_a6216707.jpeg?region=1%2C0%2C1298%2C730,https://variety.com/wp-content/uploads/2022/01/The-Ice-Age-Adventures-of-Buck-Wild.jpg?w=681&h=383&crop=1,https://i.ytimg.com/vi/0vPHYRJtLYE/maxresdefault.jpg,https://prod-ripcut-delivery.disney-plus.net/v1/variant/disney/06EE11356413811A6DCFB715BAFA7DDBB4124682DAC8BE7BEC7376CA950C8877/scale?width=1200&aspectRatio=1.78&format=jpeg,https://m.media-amazon.com/images/M/MV5BNWZjNmY3YjktNGIzYS00YTAzLWFmYzUtYzBhM2IxMThjZDQ4XkEyXkFqcGdeQXVyMTk4MTY0MDA@._V1_.jpg,http://www.impawards.com/2022/posters/ice_age_adventures_of_buck_wild_ver7.jpg,https://i.ytimg.com/vi/jc2FacVMvgo/maxresdefault.jpg,https://m.media-amazon.com/images/M/MV5BZTBhYmM0MDgtMDM3OS00NWFiLTllYjctZjQwN2E5MGE0OWE0XkEyXkFqcGdeQXRyYW5zY29kZS13b3JrZmxvdw@@._V1_.jpg,https://www.intofilm.org/intofilm-production/9258/scaledcropped/3000x1688/resources/9258/resource-page-website-header-post.jpg,https://www.cartoonbrew.com/wp-content/uploads/2021/11/iceage_buckwild-1280x600.jpg,https://www.disneyplusinformer.com/wp-content/uploads/2022/01/The-Ice-Age-Adventures-of-Buck-Wild-Soundtrack.jpeg,https://animesuperhero.com/wp-content/uploads/2022/01/Ice-Age-640x475.jpeg,https://www.pluggedin.com/wp-content/uploads/2022/01/The-Ice-Age-Adventures-of-Buck-Wild.jpg,https://assets1.ignimgs.com/thumbs/userUploaded/2022/1/20/iceagebuckwildpackblog-1642680659409.jpg?width=1280,https://www.thewrap.com/wp-content/uploads/2022/01/ice-age-adventures-of-buck-wild-620x400.jpg,"https://lumiere-a.akamaihd.net/v1/images/image_5204f5e0.jpeg?region=0,0,1920,1080",https://lookaside.fbsbx.com/lookaside/crawler/media/?media_id=658074158739732&get_thumbnail=1
42,https://m.media-amazon.com/images/M/MV5BN2YyN2UzZjEtODExNy00MjJkLWJmZGYtYmM2OTY3ZDM1MzI4XkEyXkFqcGdeQXVyMjE4NzUxNDA@._V1_.jpg,https://i.ytimg.com/vi/uDoQ2qzO8Rw/maxresdefault.jpg,https://www.indiewire.com/wp-content/uploads/2022/02/MV5BNGJmNTAzZGYtODQwNy00NWRjLWJiMWYtNTVjMzM5YzE3ZTUxXkEyXkFqcGdeQXVyMDA4NzMyOA@@._V1_.jpg,https://m.media-amazon.com/images/M/MV5BNzg3MTQ4ZjUtNjU1Yi00Zjg4LWI5ZDItMzE1Y2VhZTliNzdlXkEyXkFqcGdeQXVyMDA4NzMyOA@@._V1_.jpg,https://variety.com/wp-content/uploads/2022/02/BGB-2.jpg,https://www.startattle.com/wp-content/uploads/2021/12/big-gold-brick-2022-movie-andy-garcia-megan-fox-american-netflix-amazon-apple-tv.jpg,https://target.scene7.com/is/image/Target/GUEST_0bbd2032-9f24-4856-b481-d9d297c06539?wid=488&hei=488&fmt=pjpeg,"https://m.media-amazon.com/images/M/MV5BMzVkNzBlMWEtMjRmYy00N2M0LTlmMjItOWY0Yzk3NThlZGVlXkEyXkFqcGdeQWxiaWFtb250._V1_QL75_UX500_CR0,0,500,281_.jpg",https://parentpreviews.com/images/made/legacy-pics/big-gold-brick_668_330_80_int_s_c1.jpg,https://juju.b-cdn.net/wp-content/uploads/2022/01/Big-Gold-Brick-Wallpaper-and-Images-2-724x1024.jpg,https://i0.wp.com/ravemotionpictures.com/wp-content/uploads/2022/02/Big-Gold-Brick-2022.jpg?resize=900%2C539&ssl=1,https://www.themarysue.com/wp-content/uploads/2022/01/oscar-1200x584.jpg,https://d1nslcd7m2225b.cloudfront.net/Pictures/480xAny/6/0/4/1352604_arclightfilmsbiggoldbrickphotoforrelease_324887.jpg,https://i.ytimg.com/vi/EIG4J1FuIIk/maxresdefault.jpg,"https://images-wixmp-ed30a86b8c4ca887773594c2.wixmp.com/f/c7268c79-9436-4230-b75e-2814495b25f4/df0x619-be19775b-01cf-4d26-be59-472dcb16d9b0.png/v1/fill/w_512,h_512,strp/big_gold_brick__2022__movie_folder_icon_by_nandha602_df0x619-fullview.png?token=eyJ0eXAiOiJKV1QiLCJhbGciOiJIUzI1NiJ9.eyJzdWIiOiJ1cm46YXBwOjdlMGQxODg5ODIyNjQzNzNhNWYwZDQxNWVhMGQyNmUwIiwiaXNzIjoidXJuOmFwcDo3ZTBkMTg4OTgyMjY0MzczYTVmMGQ0MTVlYTBkMjZlMCIsIm9iaiI6W1t7ImhlaWdodCI6Ijw9NTEyIiwicGF0aCI6IlwvZlwvYzcyNjhjNzktOTQzNi00MjMwLWI3NWUtMjgxNDQ5NWIyNWY0XC9kZjB4NjE5LWJlMTk3NzViLTAxY2YtNGQyNi1iZTU5LTQ3MmRjYjE2ZDliMC5wbmciLCJ3aWR0aCI6Ijw9NTEyIn1dXSwiYXVkIjpbInVybjpzZXJ2aWNlOmltYWdlLm9wZXJhdGlvbnMiXX0.5ekd3LtMqguQjWV9nX8w4n3tlej94vo4u5BrSgGSiNA",https://imageio.forbes.com/specials-images/imageserve/62196f2632c10f5e08d5d84a/Andy-Garcia--in--Big-Gold-Brick-/960x0.jpg?height=442&width=711&fit=bounds,https://cdn.pastemagazine.com/www/articles/2021/12/17/big-gold-brick-oscar-isaac-main.jpg,https://www.hollywoodreporter.com/wp-content/uploads/2019/05/andy_garcia_emory_cohen_megan_fox_and_lucy_hale_split.jpg,https://images.squarespace-cdn.com/content/v1/5fa1174f3494dc1e3f3fcde7/1617912476067-6PTWTUK9O1XCAC6T621N/Big-Gold-Brick.jpg,https://m.media-amazon.com/images/M/MV5BZDQxZWU0M2YtYmQxMC00MDk3LTk3MmItNThjY2U3NjA5MmJiXkEyXkFqcGdeQXVyMDA4NzMyOA@@._V1_.jpg
